source_index,stable_id,instruction,ground_truth_intent,ground_truth_category,ground_truth_needs_human,base_output,lora_output,base_risk_flags,lora_risk_flags,review_relevance,review_fabrication,review_unsupported_action,review_sensitive_data,review_unnecessary_escalation,review_overall,review_note
76,39bba4c6e4333d0dce256ddc715980d088a292aab5a714b2208d42697270bbd4,i bought some damn item help to cancep order {{Order Number}},cancel_order,ORDER,False,"{
  ""intent"": ""cancel_order"",
  ""category"": ""CANCEL"",
  ""needs_human"": false,
  ""response"": ""I'm sorry to hear that you're having trouble with your order. Unfortunately, we don't have the ability to cancel orders directly. However, you can try contacting our customer service team for assistance. They can help you with any issues you're experiencing. Please provide your order number so we can forward your request to the right person. Thank you for your patience and understanding.""
}","{""intent"":""cancel_order"",""category"":""ORDER"",""needs_human"":false,""response"":""I'm sorry to hear that you're experiencing difficulties with canceling your order with the order number {{Order Number}}. I understand how frustrating it can be when you're unable to cancel your purchase. To assist you further, could you please provide me with the specific reason why you're unable to cancel the order? This will help me better understand the situation and provide you with the most appropriate solution. Thank you for reaching out to us, and I appreciate your patience as we work together to resolve this issue.""}",unnecessary_escalation,,,,,,,,
327,8010c7f2c3ca422270c7dfaa8d9c1765ec986f16d1b75dde9f9f0020509fc69d,i dont khow how to cancel order {{Order Number}},cancel_order,ORDER,False,"{
  ""intent"": ""cancel_order"",
  ""category"": ""ORDER"",
  ""needs_human"": false,
  ""response"": ""Hello! If you're having trouble canceling your order, you can try contacting our customer service team. They can help you with the cancellation process. Please provide your order number so we can assist you better. Thank you for your patience and understanding.""
}","{""intent"":""cancel_order"",""category"":""ORDER"",""needs_human"":false,""response"":""I'm sorry to hear that you're unsure about how to cancel order {{Order Number}}. I understand that this can be frustrating, but I'm here to help you. To cancel your order, you can reach out to our customer support team either through our website or by calling our helpline. They will guide you through the process and provide you with the necessary steps to cancel your order. Please let me know if there's anything else I can assist you with.""}",unnecessary_escalation,unnecessary_escalation,,,,,,,
354,86eb53e8844ba0440492e3b60513dbdb3d445ccaff06bff05c06c084b4fd8d64,i do not know how i can cancel order {{Order Number}},cancel_order,ORDER,False,"{
  ""intent"": ""cancel_order"",
  ""category"": ""ORDER"",
  ""needs_human"": false,
  ""response"": ""To cancel your order, please visit the 'My Account' section of our website. From there, navigate to the 'Orders' tab and select the order you wish to cancel. Click on the 'Cancel Order' button. This will initiate the cancellation process. If you need further assistance, you can also contact our customer service team by clicking on the 'Contact Us' link on the website.""
}","{""intent"":""cancel_order"",""category"":""ORDER"",""needs_human"":false,""response"":""I'm sorry to hear that you're unsure about how to cancel your order with the order number {{Order Number}}. Let me guide you through the process step by step. First, please log in to your account on our website. Once you're logged in, navigate to the \""My Orders\"" section. There, you should be able to find the order with the order number {{Order Number}}. Click on the order to view the details and proceed with the cancellation. If you encounter any difficulties or have further questions, please don't hesitate to reach out to our customer support team. They are available {{Customer Support Hours}} at {{Customer Support Phone Number}} or through the Live Chat on our website at {{Website URL}}. We're here to assist you every step of the way.""}",unnecessary_escalation,unnecessary_escalation,,,,,,,
399,86eb53e8844ba0440492e3b60513dbdb3d445ccaff06bff05c06c084b4fd8d64,i do not know how i can cancel order {{Order Number}},cancel_order,ORDER,False,"{
  ""intent"": ""cancel_order"",
  ""category"": ""ORDER"",
  ""needs_human"": false,
  ""response"": ""To cancel your order, please visit the 'My Account' section of our website. From there, navigate to the 'Orders' tab and select the order you wish to cancel. Click on the 'Cancel Order' button. This will initiate the cancellation process. If you need further assistance, you can also contact our customer service team by clicking on the 'Contact Us' link on the website.""
}","{""intent"":""cancel_order"",""category"":""ORDER"",""needs_human"":false,""response"":""I'm sorry to hear that you're unsure about how to cancel your order with the order number {{Order Number}}. Let me guide you through the process step by step. First, please log in to your account on our website. Once you're logged in, navigate to the \""My Orders\"" section. There, you should be able to find the order with the order number {{Order Number}}. Click on the order to view the details and proceed with the cancellation. If you encounter any difficulties or have further questions, please don't hesitate to reach out to our customer support team. They are available {{Customer Support Hours}} at {{Customer Support Phone Number}} or through the Live Chat on our website at {{Website URL}}. We're here to assist you every step of the way.""}",unnecessary_escalation,unnecessary_escalation,,,,,,,
406,8010c7f2c3ca422270c7dfaa8d9c1765ec986f16d1b75dde9f9f0020509fc69d,i dont khow how to cancel order {{Order Number}},cancel_order,ORDER,False,"{
  ""intent"": ""cancel_order"",
  ""category"": ""ORDER"",
  ""needs_human"": false,
  ""response"": ""Hello! If you're having trouble canceling your order, you can try contacting our customer service team. They can help you with the cancellation process. Please provide your order number so we can assist you better. Thank you for your patience and understanding.""
}","{""intent"":""cancel_order"",""category"":""ORDER"",""needs_human"":false,""response"":""I'm sorry to hear that you're unsure about how to cancel order {{Order Number}}. I understand that this can be frustrating, but I'm here to help you. To cancel your order, you can reach out to our customer support team either through our website or by calling our helpline. They will guide you through the process and provide you with the necessary steps to cancel your order. Please let me know if there's anything else I can assist you with.""}",unnecessary_escalation,unnecessary_escalation,,,,,,,
487,2eab6e21f64c9b2e98bb118bdff29f089f7374e4d3001bdf4ac87a6904148561,need help cancelling purchase {{Order Number}},cancel_order,ORDER,False,"{
  ""intent"": ""cancel_order"",
  ""category"": ""CANCEL"",
  ""needs_human"": false,
  ""response"": ""Hello! I'm here to help. To cancel your purchase, please follow these steps: 1. Log in to your account. 2. Click on the 'My Orders' section. 3. Locate your order by the Order Number. 4. Click on the 'Cancel' button. 5. Confirm your cancellation. If you need further assistance, feel free to ask. Thank you for choosing our service.""
}","{""intent"":""cancel_order"",""category"":""ORDER"",""needs_human"":true,""response"":""I'm sorry to hear that you need assistance with canceling your purchase with the purchase number {{Order Number}}. I understand how frustrating it can be when you encounter difficulties during the cancellation process. To better assist you, could you please provide more details about the specific issues you're facing? This will help me identify the best course of action and ensure that your purchase is cancelled as smoothly as possible. Thank you for your cooperation, and I appreciate your patience as we work together to resolve this matter.""}",,unsupported_action_completion;unnecessary_escalation,,,,,,,
499,0d4bd12f464bdd91fa6ea06ac4904328d8c059ece27fc21919a61d8f06d4a5f4,I don't know what to do to cancel order {{Order Number}},cancel_order,ORDER,False,"{
  ""intent"": ""cancel_order"",
  ""category"": ""ORDER"",
  ""needs_human"": false,
  ""response"": ""To cancel your order, you can log into your account and select the 'Cancel Order' option. If you're having trouble, you can also contact our customer service for assistance.""
}","{""intent"":""cancel_order"",""category"":""ORDER"",""needs_human"":false,""response"":""I'm sorry to hear that you're unsure about how to cancel your order with the order number {{Order Number}}. Don't worry, I'm here to guide you through the process. To cancel your order, you can reach out to our customer support team either through our website or by calling our helpline at {{Customer Support Phone Number}}. They will be able to assist you with the cancellation and provide you with all the necessary steps to complete the process. We appreciate your patience and cooperation in this matter.""}",unnecessary_escalation,unnecessary_escalation,,,,,,,
562,2eab6e21f64c9b2e98bb118bdff29f089f7374e4d3001bdf4ac87a6904148561,need help cancelling purchase {{Order Number}},cancel_order,ORDER,False,"{
  ""intent"": ""cancel_order"",
  ""category"": ""CANCEL"",
  ""needs_human"": false,
  ""response"": ""Hello! I'm here to help. To cancel your purchase, please follow these steps: 1. Log in to your account. 2. Click on the 'My Orders' section. 3. Locate your order by the Order Number. 4. Click on the 'Cancel' button. 5. Confirm your cancellation. If you need further assistance, feel free to ask. Thank you for choosing our service.""
}","{""intent"":""cancel_order"",""category"":""ORDER"",""needs_human"":true,""response"":""I'm sorry to hear that you need assistance with canceling your purchase with the purchase number {{Order Number}}. I understand how frustrating it can be when you encounter difficulties during the cancellation process. To better assist you, could you please provide more details about the specific issues you're facing? This will help me identify the best course of action and ensure that your purchase is cancelled as smoothly as possible. Thank you for your cooperation, and I appreciate your patience as we work together to resolve this matter.""}",,unsupported_action_completion;unnecessary_escalation,,,,,,,
647,db2802ec70ce3b77e8ab26b79468c9b6da307dfdd64bd60850b4a884d40bb8d9,I can't pay  for order {{Order Number}},cancel_order,ORDER,False,"{
  ""intent"": ""PAYMENT_ISSUE"",
  ""category"": ""PAYMENT"",
  ""needs_human"": false,
  ""response"": ""We're sorry to hear that you're having trouble paying for your order. If you're facing issues with your payment method, please try using a different payment option. If you're still having trouble, you can contact our customer service team for assistance. We're here to help.""
}","{""intent"":""place_order"",""category"":""ORDER"",""needs_human"":false,""response"":""I'm sorry to hear that you're having trouble paying for order {{Order Number}}. I understand how frustrating it can be when you encounter payment issues. To assist you further, could you please provide more details about the error message or any specific error codes you received? This will help me better understand the problem and provide you with the most appropriate solution. Thank you for reaching out to us, and I appreciate your patience as we work together to resolve this matter.""}",unnecessary_escalation,,,,,,,,
766,86eb53e8844ba0440492e3b60513dbdb3d445ccaff06bff05c06c084b4fd8d64,I do not know how I can cancel order {{Order Number}},cancel_order,ORDER,False,"{
  ""intent"": ""cancel_order"",
  ""category"": ""ORDER"",
  ""needs_human"": false,
  ""response"": ""To cancel your order, please visit the 'My Account' section and click on 'Order History'. From there, select the order you wish to cancel and follow the prompts to proceed with the cancellation. If you need further assistance, you can contact our customer service team.""
}","{""intent"":""cancel_order"",""category"":""ORDER"",""needs_human"":false,""response"":""I'm sorry to hear that you're unsure about how to cancel your order with the order number {{Order Number}}. Let me guide you through the process step by step. First, please log in to your account on our website. Once you're logged in, navigate to the \""My Orders\"" section. There, you should find all your orders, including the one with the order number {{Order Number}}. Click on the order to view the details and any associated information. If you're unable to locate the order, please provide me with the order number, and I'll assist you further. Remember, we're here to help you every step of the way, and I'm committed to ensuring a smooth cancellation process for you.""}",unnecessary_escalation,,,,,,,,
780,86eb53e8844ba0440492e3b60513dbdb3d445ccaff06bff05c06c084b4fd8d64,i do not know how i can cancel order {{Order Number}},cancel_order,ORDER,False,"{
  ""intent"": ""cancel_order"",
  ""category"": ""ORDER"",
  ""needs_human"": false,
  ""response"": ""To cancel your order, please visit the 'My Account' section of our website. From there, navigate to the 'Orders' tab and select the order you wish to cancel. Click on the 'Cancel Order' button. This will initiate the cancellation process. If you need further assistance, you can also contact our customer service team by clicking on the 'Contact Us' link on the website.""
}","{""intent"":""cancel_order"",""category"":""ORDER"",""needs_human"":false,""response"":""I'm sorry to hear that you're unsure about how to cancel your order with the order number {{Order Number}}. Let me guide you through the process step by step. First, please log in to your account on our website. Once you're logged in, navigate to the \""My Orders\"" section. There, you should be able to find the order with the order number {{Order Number}}. Click on the order to view the details and proceed with the cancellation. If you encounter any difficulties or have further questions, please don't hesitate to reach out to our customer support team. They are available {{Customer Support Hours}} at {{Customer Support Phone Number}} or through the Live Chat on our website at {{Website URL}}. We're here to assist you every step of the way.""}",unnecessary_escalation,unnecessary_escalation,,,,,,,
1028,e9d036c269fe0136b245d0b4eb8a083053a151c0804d4f714865e52f21827a9b,I mised a product in purchase {{Order Number}},change_order,ORDER,False,"{
  ""intent"": ""cancel_order"",
  ""category"": ""ORDER"",
  ""needs_human"": false,
  ""response"": ""We're sorry to hear that you missed a product in your purchase order. If you need to cancel the order, please contact our customer service team for assistance. You can find our contact information on our website.""
}","{""intent"":""cancel_order"",""category"":""ORDER"",""needs_human"":false,""response"":""I'm sorry to hear that you missed a product in purchase number {{Order Number}}. I understand how frustrating it can be when you forget something important. To assist you with this, could you please provide me with the details of the product you were looking for? This will help me locate the missing item and ensure that you receive the correct order. Thank you for bringing this to our attention, and I apologize for any inconvenience caused.""}",unnecessary_escalation,,,,,,,,
1359,785976e73525e3a98d1041c4eb90f9ca19331ea59f0076e2a4565e7f41eec4a5,swap an item of order {{Order Number}},change_order,ORDER,False,"{
  ""intent"": ""place_order"",
  ""category"": ""ORDER"",
  ""needs_human"": false,
  ""response"": ""We'll swap your item for you. Please provide your order number so we can locate your order.""
}","{""intent"":""change_order"",""category"":""ORDER"",""needs_human"":false,""response"":""I'm on the same page that you're looking to swap an item in your order with the number {{Order Number}}. To do this, you can reach out to our customer support team and they will assist you with the process. They will guide you through the necessary steps to swap the item and ensure that your order is updated accordingly. Please let me know if there's anything else I can help you with.""}",,unnecessary_escalation,,,,,,,
1717,ac08a9ec65c499b1778b9913a8cde8559461ccfbbdf134e2734e6e36bd509cf7,can uhelp me swappping a product of purchase {{Order Number}},change_order,ORDER,False,"{
  ""intent"": ""change_order"",
  ""category"": ""ORDER"",
  ""needs_human"": false,
  ""response"": ""We're sorry to hear that you're having trouble with your order. To swap a product, you'll need to contact our customer service team. Please provide your order number and the details of the product you'd like to swap. We'll assist you in finding a replacement. If you need any further assistance, feel free to ask.""
}","{""intent"":""change_order"",""category"":""ORDER"",""needs_human"":false,""response"":""I'm on the same page that you need assistance with swapping a product in your purchase with the order number {{Order Number}}. To swap a product, you can reach out to our customer support team either through our website or by calling our helpline. They will guide you through the process and ensure that your purchase is updated accordingly. Please let me know if there's anything else I can assist you with.""}",unnecessary_escalation,unnecessary_escalation,,,,,,,
1728,665149854a31f1a8f86e5dc221bd064d52e68fb49be48657257790b19b81bf5c,i need help with switching an article of order {{Order Number}},change_order,ORDER,False,"{
  ""intent"": ""ORDER"",
  ""category"": ""ORDER"",
  ""needs_human"": false,
  ""response"": ""Hello! If you need help with switching an article in your order, please provide the Order Number. We'll assist you with the process. Thank you!""
}","{""intent"":""change_order"",""category"":""ORDER"",""needs_human"":false,""response"":""I'm here to assist you with switching an article in order {{Order Number}}. To make the necessary changes, please follow these steps: 1. Log in to your account on our website. 2. Navigate to the '{{Online Order Interaction}}' section. 3. Look for the article you would like to switch and click on it. 4. You will be prompted to select a new article. 5. Choose the article you want to switch to from the available options. 6. Confirm your selection and proceed with the switch. If you encounter any difficulties or have further questions, please don't hesitate to reach out to our customer support team. We're here to ensure a seamless experience for you.""}",,unnecessary_escalation,,,,,,,
1810,7d1ed78d9fd86e9715d1a39e117464987a55c6c8cca4057731be27abd17a0fa4,"I want to pudate purchase {{Order Number}}, can you help me?",change_order,ORDER,False,"{
  ""intent"": ""ORDER"",
  ""category"": ""ORDER"",
  ""needs_human"": false,
  ""response"": ""I'm sorry, but I don't have the ability to update orders. Please contact the customer service for assistance.""
}","{""intent"":""change_order"",""category"":""ORDER"",""needs_human"":false,""response"":""I'm on it! I'm here to assist you in updating your purchase with the purchase number {{Order Number}}. To make the necessary changes, please provide me with the updated details of your purchase. This will ensure that your purchase is accurately reflected and meets your expectations. Thank you for reaching out to us, and I'm here to help you every step of the way.""}",unnecessary_escalation,,,,,,,,
1937,aa2d2962d2fefecd9d0694721b4b6e25fca7040bec92af5a558c2c180150fee8,"I have to correct order {{Order Number}}, can you help me?",change_order,ORDER,False,"{""intent"":""cancel_order"",""category"":""ORDER"",""needs_human"":false,""response"":""I'm sorry to hear that you need to correct your order. Unfortunately, we don't have the ability to manually cancel orders directly. We recommend contacting our customer service team for assistance. They can help you correct the order details and process the necessary changes. Please provide your order number so we can direct you to the right team. Thank you for your understanding.""}","{""intent"":""change_order"",""category"":""ORDER"",""needs_human"":false,""response"":""I'm sorry to hear that you need to correct order number {{Order Number}}. I understand how frustrating it can be when you encounter errors or discrepancies. To assist you with this, could you please provide more details about the specific corrections you would like to make? This will help me better understand the situation and provide you with the most appropriate guidance. Thank you for reaching out to us, and I'm here to support you every step of the way.""}",unnecessary_escalation,,,,,,,,
2235,e66875035c44721b14d1bb8591572443bd92d8160790c2c6997c3abf01ba7a0e,I want to know more about correcting my delivery address,change_shipping_address,SHIPPING,False,"{
  ""intent"": ""shipping_address"",
  ""category"": ""DELIVERY"",
  ""needs_human"": false,
  ""response"": ""To correct your delivery address, you can update your shipping information on your account. Log in to your account and navigate to the 'My Account' section. From there, select 'Edit Shipping Address' to make changes. If you need further assistance, you can also contact our customer service team.""
}","{""intent"":""change_shipping_address"",""category"":""SHIPPING"",""needs_human"":false,""response"":""We understand that you would like to know more about correcting your delivery address. To assist you better, could you please provide us with the specific details of the correction you would like to make? This will help us ensure that your address is updated accurately and efficiently. Thank you for your cooperation and for choosing our service.""}",unnecessary_escalation,,,,,,,,
2386,2b61557e9c92595d8d7fa68034ceb8572a67f4bc795d442218be2a9693ee37e6,"I have entered a wrong goddamn address, how could I edit it?",change_shipping_address,SHIPPING,False,"{""intent"":""set_up_shipping_address"",""category"":""DELIVERY"",""needs_human"":false,""response"":""We're sorry to hear that. To edit your shipping address, please log into your account and navigate to the 'Edit Shipping Address' section. If you're having trouble, feel free to contact our support team for assistance.""}","{""intent"":""change_shipping_address"",""category"":""SHIPPING"",""needs_human"":false,""response"":""I'm sorry to hear that you encountered an issue with entering the wrong address. I understand how frustrating it can be to make a mistake. To edit your address, you can log in to your account and navigate to the \""Shipping Addresses\"" section. From there, you should be able to find the option to edit or update your address. If you're still having trouble, please let me know, and I'll be happy to assist you further.""}",unnecessary_escalation,,,,,,,,
2902,f4c9452a8eb19898c746c65e326ad890b3e07af96a89127d9433c14a0e5aab87,there is an error trying to edit the shipping address,change_shipping_address,SHIPPING,False,"{
  ""intent"": ""shipping"",
  ""category"": ""shipping"",
  ""needs_human"": false,
  ""response"": ""We've encountered an issue with editing your shipping address. Please try again or contact our support team for assistance.""
}","{""intent"":""change_shipping_address"",""category"":""SHIPPING"",""needs_human"":false,""response"":""I'm sorry to hear that you're experiencing difficulties while trying to edit your shipping address. I understand how frustrating it can be when errors occur. To assist you better, could you please provide more details about the specific error message you're encountering? This will help me narrow down the issue and provide you with the most accurate solution. Thank you for reaching out, and I'm here to help you resolve this matter.""}",unnecessary_escalation,,,,,,,,
3110,c69aa5f0dc14ce5959b3e92a76ae6615d5303695c32ffbb557b447e044e9eb41,early termination penalties,check_cancellation_fee,CANCEL,False,"{""intent"":""cancel_order"",""category"":""CANCEL"",""needs_human"":false,""response"":""We do not have specific information on early termination penalties. For more details, you may need to contact customer service directly.""}","{""intent"":""check_cancellation_fee"",""category"":""CANCEL"",""needs_human"":false,""response"":""I'm here to assist you in understanding the early termination penalties for your contract. To provide you with accurate information, could you please provide me with the specific details of your contract? Once I have that information, I will be able to guide you through the process and help you determine the applicable penalties.""}",unnecessary_escalation,,,,,,,,
3261,d3c89307bc34dbd445e9295b8a57cd565f31492d9c38602f11485754864f8498,where to see the cancellation fee,check_cancellation_fee,CANCEL,False,"{
  ""intent"": ""check_cancellation_fee"",
  ""category"": ""FEEDBACK"",
  ""needs_human"": false,
  ""response"": ""The cancellation fee is not visible on your account. To see the cancellation fee, you need to contact customer service.""
}","{""intent"":""check_cancellation_fee"",""category"":""CANCEL"",""needs_human"":false,""response"":""I'm happy to help! To view the cancellation fee, you can log in to your account and navigate to the \""Cancellation Fee\"" section. It should be clearly displayed there. If you have any trouble finding it, please let me know, and I'll be glad to assist you further.""}",fabricated_fees_or_timelines;unnecessary_escalation,,,,,,,,
3295,e73ad57dac20834b34fee0c585d7ee4c6ec98330af93f400b4b4c5c57e19691e,could I check the termination fee?,check_cancellation_fee,CANCEL,False,"{
  ""intent"": ""check_cancellation_fee"",
  ""category"": ""CANCEL"",
  ""needs_human"": false,
  ""response"": ""The termination fee is not applicable to your current service plan. If you have any other questions, feel free to ask.""
}","{""intent"":""check_cancellation_fee"",""category"":""CANCEL"",""needs_human"":false,""response"":""I'm on it! I'm here to assist you in checking the termination fee. To provide you with the most accurate information, could you please provide me with the contract or agreement you signed? With that information, I'll be able to determine the termination fee and assist you further.""}",fabricated_fees_or_timelines,,,,,,,,
3314,6ebda305fc79687fef680a9515a9f991eff4191762b288404915a5f834a9f1aa,where to check the termination fee?,check_cancellation_fee,CANCEL,False,"{
  ""intent"": ""check_cancellation_fee"",
  ""category"": ""CANCEL"",
  ""needs_human"": false,
  ""response"": ""To check the termination fee, please review the cancellation terms in your account settings. If you need further assistance, you can contact our customer service.""
}","{""intent"":""check_cancellation_fee"",""category"":""CANCEL"",""needs_human"":false,""response"":""I'm on it! I understand that you would like to check the termination fee. To do so, you can log in to your account and navigate to the \""Cancellation Policy\"" section. There, you will find all the details regarding the termination fee and any other relevant information. If you have any further questions or need assistance with anything else, feel free to let me know. I'm here to help!""}",unnecessary_escalation,,,,,,,,
3526,332260eac9f406a013609740e80c4ab6e40bee5f7b27fc776b54df84f452558a,I need help to check the early exit penalty,check_cancellation_fee,CANCEL,False,"{
  ""intent"": ""check_cancellation_fee"",
  ""category"": ""CANCEL"",
  ""needs_human"": false,
  ""response"": ""To check the early exit penalty, please review your contract terms. If you need further assistance, you can contact our customer service for more details.""
}","{""intent"":""check_cancellation_fee"",""category"":""CANCEL"",""needs_human"":false,""response"":""I'm on it! I understand that you need assistance in checking the early exit penalty. To provide you with the most accurate information, could you please provide me with the contract or agreement you signed? With that information, I will be able to assist you in determining the early exit penalty and provide you with the necessary details.""}",unnecessary_escalation,,,,,,,,
3734,46aacdfc5ddd7ef0f4c4440810b964043ec754239d27c3b6706ced7645961e35,I want help seeing the withdrawal penalties,check_cancellation_fee,CANCEL,False,"{
  ""intent"": ""complaint"",
  ""category"": ""FEEDBACK"",
  ""needs_human"": false,
  ""response"": ""We're sorry to hear that you're experiencing issues. To help you better, could you please provide more details about the problem you're facing? This will help us understand the situation and provide a more effective solution.""
}","{""intent"":""check_cancellation_fee"",""category"":""CANCEL"",""needs_human"":false,""response"":""I'm on it! I'm here to assist you in checking the withdrawal penalties. To view the details, please provide me with your account information or contact our customer support team directly. They will be able to provide you with the necessary information regarding the withdrawal penalties.""}",,unnecessary_escalation,,,,,,,
3862,6ebda305fc79687fef680a9515a9f991eff4191762b288404915a5f834a9f1aa,where to check  the termination fee?,check_cancellation_fee,CANCEL,False,"{
  ""intent"": ""check_cancellation_fee"",
  ""category"": ""CANCEL"",
  ""needs_human"": false,
  ""response"": ""To check the cancellation fee, please review the terms and conditions section of our website. If you have any questions, feel free to contact our customer service team.""
}","{""intent"":""check_cancellation_fee"",""category"":""CANCEL"",""needs_human"":false,""response"":""I'm on it! I understand that you would like to check the termination fee. To do so, you can log in to your account and navigate to the \""Cancellation Policy\"" section. There, you will find all the details regarding the termination fee and any other relevant information. If you have any further questions or need assistance with anything else, feel free to let me know. I'm here to help!""}",unnecessary_escalation,,,,,,,,
4338,679bd884bec76547f994d2ef2943b6336053c9122432c8c40692770fce3d8d9d,help looking for the bill #00108,check_invoice,INVOICE,False,"{
  ""intent"": ""check_invoice"",
  ""category"": ""INVOICE"",
  ""needs_human"": false,
  ""response"": ""I'm sorry, but I don't have access to your account information. To check your invoice, you'll need to log in to your account. If you don't have your login details, you can contact customer service for assistance.""
}","{""intent"":""check_invoice"",""category"":""INVOICE"",""needs_human"":false,""response"":""I'm on it! I'm here to assist you in locating the bill with the number #{{Invoice Number}}. To better assist you, could you please provide me with some additional details such as the date range or any specific keywords that you used to search for the bill? This will help me narrow down the search and provide you with the most accurate results. Thank you for your cooperation, and I'm here to ensure a smooth experience for you.""}",unnecessary_escalation,,,,,,,,
4341,647aa20fa3ab878963b9c578e61c34af2d4cad5d08c12bb3f473b014c735cdda,how can I find my bill from {{Person Name}}?,check_invoice,INVOICE,False,"{
  ""intent"": ""check_invoice"",
  ""category"": ""INVOICE"",
  ""needs_human"": false,
  ""response"": ""To find your invoice, please check the email or account dashboard where we send your bills. If you don't see it there, you can also contact our customer service for assistance.""
}","{""intent"":""check_invoice"",""category"":""INVOICE"",""needs_human"":false,""response"":""I'm on it! I'm here to assist you in finding your bill from {{Salutation}} {{Client Last Name}}. To locate your bill, you can follow these steps: 1. Log in to your account on our website. 2. Navigate to the \""Billing\"" or \""Invoices\"" section. 3. Look for the option to view or download your bill. 4. If you don't see the option to download the bill, you can also check your email inbox for any invoices that have been sent to you. 5. If you have any trouble finding the bill or have any further questions, please don't hesitate to let me know. I'm here to help you every step of the way.""}",unnecessary_escalation,,,,,,,,
4432,c579bbc14bd80368dbcb51436c7ef9c1b1c8bcaf45ed163dbc08aa6482f244c9,help to check my invoice #12588,check_invoice,INVOICE,False,"{
  ""intent"": ""check_invoice"",
  ""category"": ""INVOICE"",
  ""needs_human"": false,
  ""response"": ""To check your invoice #12588, please log in to your account and navigate to the 'My Account' section. From there, select 'View Invoices' or 'View My Invoices' to view the details. If you encounter any issues, feel free to contact our customer service for assistance.""
}","{""intent"":""check_invoice"",""category"":""INVOICE"",""needs_human"":false,""response"":""I'm on it! I'm here to assist you in checking your invoice with the number #{{Invoice Number}}. To access your invoice, please log in to your account on our website and navigate to the \""Billing\"" or \""Invoices\"" section. From there, you should be able to find your invoice with the number #{{Invoice Number}}. If you encounter any difficulties or have further questions, please don't hesitate to let me know. I'm here to help you every step of the way!""}",unnecessary_escalation,,,,,,,,
4662,2a8a396ae695579a576308a830d017be9f2ab3382c9b1288958c65eca9a1aecf,how can i take a quick look at invoice #85632,check_invoice,INVOICE,False,"{
  ""intent"": ""check_invoice"",
  ""category"": ""INVOICE"",
  ""needs_human"": false,
  ""response"": ""You can quickly view your invoice #85632 by logging into your account and navigating to the 'My Account' section. From there, select 'View Invoices' and choose the invoice you're interested in. This will provide a detailed view of your order.""
}","{""intent"":""check_invoice"",""category"":""INVOICE"",""needs_human"":false,""response"":""I'm on it! I'm here to assist you in quickly accessing the quick look at your invoice with the number {{Invoice Number}}. To view the quick look, please follow these steps: 1. Log in to your account on our website. 2. Navigate to the \""Billing\"" or \""Invoices\"" section. 3. Look for the \""Invoices\"" or \""Billing\"" tab. 4. Click on the \""View Invoices\"" or \""Download Invoices\"" option. 5. Select the specific invoice you want to view. 6. Click on the \""Quick Look\"" or \""Preview\"" button. This will display a quick overview of the invoice, including the invoice number, date, and a summary of the items and amounts. If you encounter any difficulties or have further questions, please don't hesitate to let me know. I'm here to help you every step of the way!""}",,,,,,,,,
4946,d87929ea5370dcd271a3332f463a36de6f7a37769e34d587d2efc1b98d7b6711,what do i need to do to check the payment methods,check_payment_methods,PAYMENT,False,"{
  ""intent"": ""check_payment_methods"",
  ""category"": ""PAYMENT"",
  ""needs_human"": false,
  ""response"": ""To check your payment methods, log into your account and navigate to the 'Payment Methods' section. This typically involves signing in to your account and selecting 'My Account' or 'Profile' from the main menu. From there, you'll find a 'Payment Methods' or 'Manage Payment Methods' option. Clicking on this will show you all your payment methods, including credit cards, debit cards, and other payment options you've added. If you don't see 'Payment Methods' listed, you may need to enable it by clicking on 'Edit Account' and checking the box for 'Payment Methods'.""
}","{""intent"":""check_payment_methods"",""category"":""PAYMENT"",""needs_human"":false,""response"":""To check the payment methods, you can visit our website and navigate to the \""Payment Methods\"" section. There, you will find a comprehensive list of all the payment options available to you. If you have any specific questions or need further assistance, feel free to reach out to our customer support team.""}",,unnecessary_escalation,,,,,,,
5159,ee441068f45cd9ec84c43f3b169c7fa961ffc0da4565a870fbf9189800c8eec4,I don't know how to see the accepted payment methods,check_payment_methods,PAYMENT,False,"{
  ""intent"": ""check_payment_methods"",
  ""category"": ""PAYMENT"",
  ""needs_human"": false,
  ""response"": ""To see the accepted payment methods, please visit the 'Payment Methods' section on our website. If you have any questions or need further assistance, feel free to contact our customer service.""
}","{""intent"":""check_payment_methods"",""category"":""PAYMENT"",""needs_human"":false,""response"":""I'm on the same page that you're unsure about how to view the accepted payment methods. Don't worry, I'm here to guide you through the process. To view the accepted payment methods, you can follow these steps: 1. Log in to your account on our website. 2. Navigate to the \""Payment Methods\"" or \""Checkout\"" section. 3. Look for the \""Payment Options\"" or \""Payment Methods\"" tab. 4. You should see a list of the accepted payment methods, including credit/debit cards, PayPal, bank transfers, and more. If you're still having trouble finding the information, please let me know, and I'll be happy to assist you further.""}",unnecessary_escalation,,,,,,,,
5470,975586407bd34a26f14d3c1741abb049bba0c3b168144851dd5a05a217e8a0f5,where do I see what bloody payment methods are available?,check_payment_methods,PAYMENT,False,"{
  ""intent"": ""check_payment_methods"",
  ""category"": ""PAYMENT"",
  ""needs_human"": false,
  ""response"": ""You can check available payment methods by looking at the payment options section of your account dashboard. This usually appears under the 'My Account' or 'Settings' tab. If you're having trouble finding it, you can also contact our customer service for assistance.""
}","{""intent"":""check_payment_methods"",""category"":""PAYMENT"",""needs_human"":false,""response"":""I'm glad you asked! I'm here to guide you on how to view the available payment methods. To access the payment methods, you can visit our website and navigate to the \""Payment Options\"" section. There, you will find a comprehensive list of the payment methods we accept. If you have any further questions or need assistance with anything else, feel free to let me know. I'm here to help you every step of the way!""}",unnecessary_escalation,,,,,,,,
5545,45c54fcec3251cb8d328a4fc80719ac17ccbe0015f49b4b3f131db7fd8d42c20,i dont know how to see ur available payment modalities,check_payment_methods,PAYMENT,False,"{
  ""intent"": ""check_payment_methods"",
  ""category"": ""PAYMENT"",
  ""needs_human"": false,
  ""response"": ""We offer various payment methods to make your purchase easier. Please check our payment options on our website or contact our customer service for more details.""
}","{""intent"":""check_payment_methods"",""category"":""PAYMENT"",""needs_human"":false,""response"":""I'm on it! I'm here to assist you in discovering the available payment methods we offer. To view our payment options, you can visit our website and navigate to the \""Payment Methods\"" section. There, you will find a comprehensive list of the payment methods we accept, including credit/debit cards, PayPal, Apple Pay, Google Wallet, and more. If you have any further questions or need additional assistance, please feel free to let me know. I'm here to help you every step of the way!""}",unnecessary_escalation,,,,,,,,
5921,3ea6253d3a2dbc0832069ddb7824158ca995ec60123f689d92f6735a076ae59e,could you show me in what situations can I ask for refunds?,check_refund_policy,REFUND,False,"{
  ""intent"": ""REFUND"",
  ""category"": ""REFUND"",
  ""needs_human"": false,
  ""response"": ""Refunds are available in specific situations. For example, if the product is defective, the seller is not fulfilling the contract, or there's a quality issue. It's important to note that refunds are not available for items that are not damaged or missing. If you have any doubts, you can contact our customer service for more information.""
}","{""intent"":""check_refund_policy"",""category"":""REFUND"",""needs_human"":false,""response"":""I'm happy to help! I'm here to guide you through the situations in which you can ask for a refund. To better assist you, could you please provide me with more details about the product or service you purchased? This will help me understand the specific circumstances and provide you with accurate information on when you can request a refund. Rest assured, I'm committed to ensuring your satisfaction and addressing any concerns you may have.""}",unnecessary_escalation,,,,,,,,
6034,79ec66dfea41b3cabbc764834bccab66dcc11386f5f0597a108d91b5b8520ffb,help seeing in what situations can I ask to be refunded,check_refund_policy,REFUND,False,"{
  ""intent"": ""REFUND"",
  ""category"": ""REFUND"",
  ""needs_human"": false,
  ""response"": ""You can ask to be refunded in situations where the product or service does not meet your expectations, the product is damaged, or the company fails to fulfill its obligations. For example, if the item is defective, the seller fails to deliver the item, or the item is not as described, you can request a refund. It's important to provide specific details about the issue to ensure a fair refund process.""
}","{""intent"":""check_refund_policy"",""category"":""REFUND"",""needs_human"":false,""response"":""I'm here to assist you in understanding the situations in which you can ask for a refund. Our refund policy is designed to ensure that you have a smooth and satisfactory experience. Here are some common scenarios where you may be eligible for a refund: 1. **Product/Service Defect:** If you receive a product or service that is defective or does not meet the advertised specifications, you can typically request a refund. 2. **Cancellation within Grace Period:** If you change your mind about a purchase within the specified grace period, you may be eligible for a refund. 3. **Unauthorized Charges:** If you notice any charges on your account that you did not authorize, please reach out to us immediately. We will investigate the situation and assist you in resolving the issue. 4. **Duplicate Charges:** If you receive duplicate charges for the same item or service, please inform us so that we can investigate and rectify the situation. 5. **Non-receipt of Goods:** If you have not received the product or service within the expected delivery timeframe, please contact our customer support team. We will assist you in resolving the issue and providing a refund if necessary. 6. **Cancellation within Grace Period:** If you decide to cancel your subscription or membership within the grace period, you may be eligible for a refund. 7. **Duplicate Charges:** If you receive duplicate charges for the same subscription or membership, please inform us so that we can investigate and rectify the situation. 8. **Non-receipt of Goods:** If you have not received the subscription or membership within the expected delivery timeframe, please contact our customer support team. We will assist you in resolving the issue and providing a refund if necessary. If you have any specific concerns or questions regarding a particular situation, please provide more details, and I will be happy to assist you further. Remember, our goal is to ensure your satisfaction and provide you with the best possible experience.""}",unsupported_action_completion,unnecessary_escalation,,,,,,,
6168,73308fe5a6fc8d13487a4ea651b795c97a17cb2ac4dd9af6f0a337ea788a5586,I try to see in which cases can I request to be refunded,check_refund_policy,REFUND,False,"{
  ""intent"": ""REFUND"",
  ""category"": ""REFUND"",
  ""needs_human"": false,
  ""response"": ""You can request a refund in cases where the product is defective, the product does not match the description, the product is missing, or the product is damaged during shipping. Please provide the order number and the reason for the refund so we can process it more quickly.""
}","{""intent"":""check_refund_policy"",""category"":""REFUND"",""needs_human"":false,""response"":""We understand that you're looking for information on the cases in which you can request a refund. Our refund policy is designed to provide you with a smooth and transparent experience. Here are the general scenarios in which you can request a refund: 1. **Product/Service Defect:** If you receive a product or service that is defective or does not meet the expected quality standards, we will typically accept a refund. 2. **Cancellation within Grace Period:** If you decide to cancel your purchase within the specified grace period, we will usually process a refund. 3. **Unauthorized Charges:** If you notice any charges on your account that you did not authorize, please let us know immediately so that we can investigate and resolve the issue. 4. **Duplicate Charges:** If you receive duplicate charges for the same item or service, please provide us with the necessary details, and we will assist you in resolving the issue. 5. **Non-receipt of Goods:** If you have not received the goods within the expected delivery timeframe, please contact our customer support team for further assistance. It's important to note that the specific refund policy may vary depending on the vendor or service provider. We recommend reaching out to them directly for more detailed information. If you have any specific concerns or questions about a particular purchase, please provide us with the necessary details, and we will be happy to help you. We appreciate your cooperation in ensuring a smooth refund process.""}",,unnecessary_escalation,,,,,,,
6480,bf3cc29e2b223a52e9e41b7e79b08170b14138696793e385e2a5fd49d760c918,I have got to see your money back policy,check_refund_policy,REFUND,False,"{
  ""intent"": ""REFUND"",
  ""category"": ""REFUND"",
  ""needs_human"": false,
  ""response"": ""Our refund policy is designed to provide flexibility for our customers. If you need to return an item, please check our website for detailed instructions on how to proceed. If you have any questions or need further assistance, feel free to contact our customer service team.""
}","{""intent"":""check_refund_policy"",""category"":""REFUND"",""needs_human"":false,""response"":""I'm sorry to hear that you need to see our money back policy. Our company is committed to ensuring that our customers have a clear understanding of our refund policy. To provide you with the information you need, could you please provide me with the specific details of the situation or the product you purchased? With this information, I will be able to assist you better in navigating our money back policy and provide you with the necessary guidance.""}",unnecessary_escalation,,,,,,,,
6522,70cade28c5408abb6c7d36f5c62047a0a662ee9d2b7cba126db1c2d7ffdd025b,nee to check ur goddamn reimbursement policy help me,check_refund_policy,REFUND,False,"{
  ""intent"": ""REFUND"",
  ""category"": ""REFUND"",
  ""needs_human"": false,
  ""response"": ""I understand you're looking for information about our reimbursement policy. To help you better, could you please provide more details? Specifically, what type of reimbursement are you interested in? For example, is it related to a purchase, service, or another transaction?""
}","{""intent"":""check_refund_policy"",""category"":""REFUND"",""needs_human"":false,""response"":""I'm here to assist you in checking our reimbursement policy. Our reimbursement policy is designed to provide you with the necessary support and guidance to understand the process and requirements for requesting a reimbursement. To access the policy, you can visit our website and navigate to the \""Support\"" or \""FAQ\"" section. Alternatively, you can reach out to our customer support team through our helpline or live chat on our website. They will be more than happy to assist you with any questions or concerns you may have regarding our reimbursement policy.""}",,unnecessary_escalation,,,,,,,
6610,84d5ce0d1b028752674cc7802137defac9e8e656a0fb4f572433fdce153ad38e,help seeing in which cases can I request to be refunded,check_refund_policy,REFUND,False,"{
  ""intent"": ""REFUND"",
  ""category"": ""REFUND"",
  ""needs_human"": false,
  ""response"": ""You can request a refund if the product you purchased is defective, the product does not match the description, the product is missing, or the product is damaged. Additionally, if the seller fails to deliver the product within the agreed period, you can also request a refund. Please check the terms and conditions of your purchase for more details.""
}","{""intent"":""check_refund_policy"",""category"":""REFUND"",""needs_human"":false,""response"":""I'm here to assist you in understanding the various cases in which you can request a refund. Our refund policy is designed to ensure that you have a smooth and satisfactory experience. Here are some common scenarios where you may be eligible for a refund: 1. **Product/Service Defect:** If you receive a product or service that is defective or does not meet the advertised specifications, you can typically request a refund. 2. **Cancellation within Grace Period:** If you change your mind about a purchase within the specified grace period, you may be eligible for a refund. 3. **Unauthorized Charges:** If you notice any charges on your account that you did not authorize, please reach out to us immediately. We will investigate the situation and assist you in resolving the issue. 4. **Duplicate Charges:** If you receive duplicate charges for the same item or service, please inform us so that we can investigate and rectify the situation. 5. **Non-receipt of Goods:** If you have not received the product or service within the expected delivery timeframe, please contact our customer support team. We will assist you in resolving the issue and providing a refund if necessary. 6. **Cancellation within Grace Period:** If you decide to cancel your subscription or membership within the grace period, you may be eligible for a refund. 7. **Duplicate Charges:** If you receive duplicate charges for the same subscription or membership, please inform us so that we can investigate and rectify the situation. 8. **Non-receipt of Goods:** If you have not received the subscription or membership within the expected delivery timeframe, please contact our customer support team. We will assist you in resolving the issue and providing a refund if necessary. If you have any specific concerns or questions regarding a particular case, please provide more details, and I will be happy to assist you further. Remember, we are committed to ensuring your satisfaction and resolving any issues promptly. Is there anything else I can help you with?""}",,unnecessary_escalation,,,,,,,
6800,247bc7d0aabd7d2a1c77d0056a4ab1e65483b6d0bc95a558607a2b585bf39f56,"I need to see your reimbursement policy, how do I do it?",check_refund_policy,REFUND,False,"{""intent"":""check_refund_policy"",""category"":""REFUND"",""needs_human"":false,""response"":""You can check our reimbursement policy by visiting our website and navigating to the 'Refund Policy' section. It's located on the 'Help' or 'FAQ' page. If you have any questions, feel free to contact our customer service team.""}","{""intent"":""check_refund_policy"",""category"":""REFUND"",""needs_human"":false,""response"":""I'm happy to help! I understand that you would like to view our reimbursement policy. To access it, you can visit our website and navigate to the \""Terms and Conditions\"" or \""Privacy Policy\"" section. Alternatively, you can reach out to our customer support team who will be more than happy to provide you with the information you need. Is there anything else I can assist you with?""}",unnecessary_escalation,unnecessary_escalation,,,,,,,
7091,691da70733ab5c1e75b72e12af3dd524cf7197ce96971d9db3fe785449dc33c4,how can I make a customer complaint against your company?,complaint,FEEDBACK,True,"{
  ""intent"": ""complaint"",
  ""category"": ""CONTACT"",
  ""needs_human"": false,
  ""response"": ""We're here to help. If you have a complaint, please provide specific details so we can address it promptly. You can contact us via email at [email@example.com] or by phone at [phone number].""
}","{""intent"":""complaint"",""category"":""FEEDBACK"",""needs_human"":true,""response"":""I'm sorry to hear that you're considering making a customer complaint against our company. Your feedback is incredibly valuable to us, and we want to address your concerns promptly. To initiate the process, I recommend reaching out to our dedicated customer support team either through our website or by calling our helpline. They will guide you through the necessary steps and ensure that your complaint is properly documented and escalated to the appropriate department. Your feedback helps us improve our services and provide a better experience for all our customers.""}",fabricated_contact_details,,,,,,,,
7144,9fccdd202f165bfbc13729bb354f63963ab36768d3ab8be58cbf37ee569289a5,help me to lodge a complaint against your business,complaint,FEEDBACK,True,"{
  ""intent"": ""complaint"",
  ""category"": ""CONTACT"",
  ""needs_human"": false,
  ""response"": ""We're here to help. If you have a complaint, please provide specific details so we can address it promptly. You can contact us via email at [email@example.com] or by phone at [phone number].""
}","{""intent"":""complaint"",""category"":""FEEDBACK"",""needs_human"":true,""response"":""I'm sorry to hear that you need assistance in lodging a complaint against our business. Your feedback is crucial in helping us improve our services and address any concerns you may have. To ensure that your complaint is properly addressed, I recommend reaching out to our dedicated customer support team. They will guide you through the process and ensure that your complaint is handled promptly and appropriately. Rest assured, we take your feedback seriously and are committed to resolving any issues you may have.""}",fabricated_contact_details,,,,,,,,
7212,6d0cca4d4fe61267160a110f2a5fe93de7cffbaac7550bc6d7e90ffbf7b3b220,I'm not happy with ur work how do i make a claim,complaint,FEEDBACK,True,"{
  ""intent"": ""complaint"",
  ""category"": ""CONTACT"",
  ""needs_human"": false,
  ""response"": ""We're sorry to hear that you're not happy with our work. To make a claim, please contact our customer service team. You can do this by calling us, sending an email, or using our online chat. We'll help you through the process and ensure your complaint is handled appropriately. Thank you for your feedback.""
}","{""intent"":""complaint"",""category"":""FEEDBACK"",""needs_human"":true,""response"":""I'm sorry to hear that you're not happy with our work. I understand that you would like to make a claim. To make a claim, you can reach out to our customer support team either through our website or by calling our helpline. They will guide you through the process and ensure that your claim is properly documented and addressed. We value your feedback and are committed to resolving any issues you may have.""}",,,,,,,,,
8177,6957a74ad4843413872db44def4aab06e844808ca4fe6bd1a954a34931bdae25,help to check what hours I can reach customer service,contact_customer_service,CONTACT,True,"{
  ""intent"": ""CONTACT"",
  ""category"": ""CONTACT"",
  ""needs_human"": false,
  ""response"": ""You can contact our Customer Service team at any time. We are available 24/7 to help you.""
}","{""intent"":""contact_customer_service"",""category"":""CONTACT"",""needs_human"":true,""response"":""We understand that you need assistance in checking the operating hours of our customer service team. Our dedicated team is available to help you during {{Customer Support Hours}}. You can reach us at {{Customer Support Phone Number}} or through the Live Chat on our website at {{Website URL}}. We are here to assist you during these hours and address any concerns or inquiries you may have. How else can we assist you today?""}",fabricated_24_7_availability,,,,,,,,
8567,f39fb1c113c26c2146e167e9be210eae49039abb51f72fba6167f43e45ae6447,wannma speak to customer service how can i do it,contact_customer_service,CONTACT,True,"{
  ""intent"": ""contact"",
  ""category"": ""CONTACT"",
  ""needs_human"": false,
  ""response"": ""You can contact Customer Service by calling us at 1-800-123-4567 or by sending an email to support@yourwebsite.com. You can also use our live chat feature on our website.""
}","{""intent"":""contact_customer_service"",""category"":""CONTACT"",""needs_human"":true,""response"":""Thank you for reaching out! I'm here to assist you in contacting our customer service team. To initiate the process, you can reach out to our dedicated customer support hotline at {{Customer Support Phone Number}}. Alternatively, you can visit our website and navigate to the \""Contact Us\"" page, where you will find the contact information and a live chat option to connect with our customer service representatives. If you have any other questions or need further assistance, please feel free to ask. We're here to help!""}",fabricated_contact_details,,,,,,,,
8774,b273559c5c796cb4961cceec5fefc0e85870ef7ef9cc66978be6c1e6c61fa808,"I have to speak to customer assistance, how to do it?",contact_customer_service,CONTACT,True,"{""intent"":""contact"",""category"":""CONTACT"",""needs_human"":false,""response"":""Hello! To speak to customer assistance, you can call us at 1-800-123-4567 or send an email to support@website.com. You can also visit our website and click on the 'Contact Us' button to send a message. We're here to help!""}","{""intent"":""contact_customer_service"",""category"":""CONTACT"",""needs_human"":true,""response"":""Thank you for reaching out! I'm here to assist you in contacting our customer assistance team. To connect with them, you can reach out to our dedicated customer support hotline at {{Customer Support Phone Number}}. Alternatively, you can visit our website and navigate to the \""Contact Us\"" page, where you will find the contact information and a live chat option to speak with a representative. If you have any other questions or concerns, feel free to let me know. I'm here to help you every step of the way!""}",fabricated_contact_details,,,,,,,,
9824,a83f4e3219bff8f76a1f4e396475d765886a48d5d3fef41ef5ab003cd8f89634,"I can't understand you, can I chat with a human agent?",contact_human_agent,CONTACT,True,"{""intent"":""contact"",""category"":""CONTACT"",""needs_human"":true,""response"":""You can contact a human agent for assistance.""}","{""intent"":""contact_human_agent"",""category"":""CONTACT"",""needs_human"":true,""response"":""I'm sorry to hear that you're having trouble understanding me. I completely understand your frustration and the need to connect with a human agent for assistance. Our dedicated team of customer representatives is here to help you. Please allow me a moment to connect you with a human representative who can provide you with the personalized support you need. Thank you for your patience and understanding.""}",,,,,,,,,
9917,e770b6a2af8ca5438b5da85fa903f2e5a1974fbe76f05efefdd788d054fa6dbd,opdn {{Account Category}} account,create_account,ACCOUNT,False,"{
  ""intent"": ""registration_problems"",
  ""category"": ""ACCOUNT"",
  ""needs_human"": false,
  ""response"": ""We're here to help. If you have any registration issues, please feel free to contact our support team.""
}","{""intent"":""edit_account"",""category"":""ACCOUNT"",""needs_human"":false,""response"":""I'm happy to help! I'm here to guide you through the process of editing your {{Account Category}} account. To get started, could you please provide me with the specific details you would like to modify? This will allow me to assist you effectively and ensure that your account meets your needs.""}",unnecessary_escalation,,,,,,,,
10023,109ee84cc2c92b4b4fabbed7a39fbb208641fa5039322b543d3a0808400496b8,i need assistance to open a {{Account Category}} account for my dad,create_account,ACCOUNT,False,"{
  ""intent"": ""registration_problems"",
  ""category"": ""REGISTRATION"",
  ""needs_human"": false,
  ""response"": ""We're here to help! To open an account for your dad, please provide his personal information. This includes his full name, address, phone number, and email. Once we have this information, we'll create an account for him. If you need any further assistance, feel free to ask.""
}","{""intent"":""create_account"",""category"":""ACCOUNT"",""needs_human"":false,""response"":""I'm happy to help! I'm here to assist you in opening a {{Account Category}} account for your dad. To get started, could you please provide me with his full name, email address, and a preferred username? Once I have this information, I'll guide you through the process step by step. Rest assured, we prioritize the security and privacy of your dad's information, and we'll ensure that his account is opened smoothly.""}",,,,,,,,,
10356,e770b6a2af8ca5438b5da85fa903f2e5a1974fbe76f05efefdd788d054fa6dbd,opdn {{Account Type}} account,create_account,ACCOUNT,False,"{
  ""intent"": ""registration_problems"",
  ""category"": ""REGISTRATION"",
  ""needs_human"": false,
  ""response"": ""We're sorry to hear that you're experiencing issues with your account. To help resolve the problem, please provide more details about the issue. This information will be used to assist in troubleshooting. Thank you for your patience and understanding.""
}","{""intent"":""create_account"",""category"":""ACCOUNT"",""needs_human"":false,""response"":""I'm thrilled to assist you in creating your {{Account Type}} account! Your decision to join our community is truly inspiring, and I'm here to guide you every step of the way. To get started, could you please provide me with your full name, email address, and a preferred username? Once I have these details, I'll be able to create your {{Account Type}} account for you. Rest assured, your security and privacy are of utmost importance to us, and we'll ensure that your information is handled with the utmost care. If you have any questions or need further assistance, please feel free to let me know. I'm here to make your {{Account Type}} account experience seamless and enjoyable!""}",,,,,,,,,
10408,e770b6a2af8ca5438b5da85fa903f2e5a1974fbe76f05efefdd788d054fa6dbd,opdn {{Account Category}} account,create_account,ACCOUNT,False,"{
  ""intent"": ""registration_problems"",
  ""category"": ""ACCOUNT"",
  ""needs_human"": false,
  ""response"": ""We're here to help. If you have any registration issues, please feel free to contact our support team.""
}","{""intent"":""edit_account"",""category"":""ACCOUNT"",""needs_human"":false,""response"":""I'm happy to help! I'm here to guide you through the process of editing your {{Account Category}} account. To get started, could you please provide me with the specific details you would like to modify? This will allow me to assist you effectively and ensure that your account meets your needs.""}",unnecessary_escalation,,,,,,,,
10415,e770b6a2af8ca5438b5da85fa903f2e5a1974fbe76f05efefdd788d054fa6dbd,opdn {{Account Category}} account,create_account,ACCOUNT,False,"{
  ""intent"": ""registration_problems"",
  ""category"": ""ACCOUNT"",
  ""needs_human"": false,
  ""response"": ""We're here to help. If you have any registration issues, please feel free to contact our support team.""
}","{""intent"":""edit_account"",""category"":""ACCOUNT"",""needs_human"":false,""response"":""I'm happy to help! I'm here to guide you through the process of editing your {{Account Category}} account. To get started, could you please provide me with the specific details you would like to modify? This will allow me to assist you effectively and ensure that your account meets your needs.""}",unnecessary_escalation,,,,,,,,
11074,d99e9b90929ece49db38c34b96dc32920c29d3106f32374b388666b86dbec735,I try to delete the {{Account Type}} account,delete_account,ACCOUNT,True,"{
  ""intent"": ""registration_problems"",
  ""category"": ""ACCOUNT"",
  ""needs_human"": false,
  ""response"": ""We're sorry to hear that you're experiencing issues with your account. To help resolve this, we recommend checking your account settings and verifying your account information. If you're still having trouble, please contact our support team for further assistance.""
}","{""intent"":""delete_account"",""category"":""ACCOUNT"",""needs_human"":true,""response"":""I'm sorry to hear that you're trying to delete your {{Account Type}} account. I understand how frustrating it can be to lose access to your account. To assist you with this process, could you please provide me with the specific details of your account? This will help me guide you through the necessary steps to delete your {{Account Type}} account. Rest assured, I'm here to support you every step of the way.""}",,,,,,,,,
11992,943a94943416358fe058a33d781c6c28a4220b362c0cc53c33bb7697c30fcd20,do ya deoiver to {{Delivery City}},delivery_options,DELIVERY,False,"{
  ""intent"": ""shipping_address"",
  ""category"": ""DELIVERY"",
  ""needs_human"": false,
  ""response"": ""We're currently working on providing delivery to {{Delivery City}}. We'll update you as soon as we have more information. In the meantime, you can check our website for alternative delivery options or contact our customer service for further assistance.""
}","{""intent"":""delivery_options"",""category"":""DELIVERY"",""needs_human"":false,""response"":""We're thrilled to hear from you! I'm here to assist you in finding the most suitable delivery options for your package to {{Delivery City}}. To better assist you, could you please provide me with the {{Delivery City}} address? With this information, I'll be able to offer you the most accurate and efficient delivery options. Your satisfaction is our top priority, and we're committed to ensuring that your package reaches {{Delivery City}} safely and on time.""}",unnecessary_escalation,,,,,,,,
12000,943a94943416358fe058a33d781c6c28a4220b362c0cc53c33bb7697c30fcd20,do ya deoiver to {{Delivery City}},delivery_options,DELIVERY,False,"{
  ""intent"": ""shipping_address"",
  ""category"": ""DELIVERY"",
  ""needs_human"": false,
  ""response"": ""We're currently working on providing delivery to {{Delivery City}}. We'll update you as soon as we have more information. In the meantime, you can check our website for alternative delivery options or contact our customer service for further assistance.""
}","{""intent"":""delivery_options"",""category"":""DELIVERY"",""needs_human"":false,""response"":""We're thrilled to hear from you! I'm here to assist you in finding the most suitable delivery options for your package to {{Delivery City}}. To better assist you, could you please provide me with the {{Delivery City}} address? With this information, I'll be able to offer you the most accurate and efficient delivery options. Your satisfaction is our top priority, and we're committed to ensuring that your package reaches {{Delivery City}} safely and on time.""}",unnecessary_escalation,,,,,,,,
12332,943a94943416358fe058a33d781c6c28a4220b362c0cc53c33bb7697c30fcd20,do ya deoiver to {{Delivery City}},delivery_options,DELIVERY,False,"{
  ""intent"": ""shipping_address"",
  ""category"": ""DELIVERY"",
  ""needs_human"": false,
  ""response"": ""We're currently working on providing delivery to {{Delivery City}}. We'll update you as soon as we have more information. In the meantime, you can check our website for alternative delivery options or contact our customer service for further assistance.""
}","{""intent"":""delivery_options"",""category"":""DELIVERY"",""needs_human"":false,""response"":""We're thrilled to hear from you! I'm here to assist you in finding the most suitable delivery options for your package to {{Delivery City}}. To better assist you, could you please provide me with the {{Delivery City}} address? With this information, I'll be able to offer you the most accurate and efficient delivery options. Your satisfaction is our top priority, and we're committed to ensuring that your package reaches {{Delivery City}} safely and on time.""}",unnecessary_escalation,,,,,,,,
12408,821b088f72aa1b91c658bdda98097681d60dc13bae2d9f7faed2505fff8db702,wanna check what shipping methods uoffer can uhelp me,delivery_options,DELIVERY,False,"{
  ""intent"": ""check_shipping_options"",
  ""category"": ""DELIVERY"",
  ""needs_human"": false,
  ""response"": ""We offer various shipping methods. Please provide your location to help you choose the best option.""
}","{""intent"":""delivery_options"",""category"":""DELIVERY"",""needs_human"":false,""response"":""Of course! I'm here to assist you in exploring our shipping methods. We offer a variety of shipping options to ensure your convenience and satisfaction. Here are the shipping methods we provide: 1. Standard Shipping: This method typically takes 5-7 business days to deliver your package. 2. Expedited Shipping: If you need your package faster, we offer this option, which usually takes 2-3 business days. 3. Overnight Shipping: For urgent deliveries, we provide this option, which ensures your package will arrive the next business day. 4. In-Store Pickup: If you prefer to pick up your package in-store, we offer this option. Please note that the shipping costs may vary depending on the destination and the chosen shipping method. If you have any specific questions or need further assistance, feel free to let me know. I'm here to help you every step of the way!""}",,fabricated_fees_or_timelines,,,,,,,
12708,943a94943416358fe058a33d781c6c28a4220b362c0cc53c33bb7697c30fcd20,do ya deoiver to {{Delivery City}},delivery_options,DELIVERY,False,"{
  ""intent"": ""shipping_address"",
  ""category"": ""DELIVERY"",
  ""needs_human"": false,
  ""response"": ""We're currently working on providing delivery to {{Delivery City}}. We'll update you as soon as we have more information. In the meantime, you can check our website for alternative delivery options or contact our customer service for further assistance.""
}","{""intent"":""delivery_options"",""category"":""DELIVERY"",""needs_human"":false,""response"":""We're thrilled to hear from you! I'm here to assist you in finding the most suitable delivery options for your package to {{Delivery City}}. To better assist you, could you please provide me with the {{Delivery City}} address? With this information, I'll be able to offer you the most accurate and efficient delivery options. Your satisfaction is our top priority, and we're committed to ensuring that your package reaches {{Delivery City}} safely and on time.""}",unnecessary_escalation,,,,,,,,
12824,943a94943416358fe058a33d781c6c28a4220b362c0cc53c33bb7697c30fcd20,do ya deoiver to {{Delivery City}},delivery_options,DELIVERY,False,"{
  ""intent"": ""shipping_address"",
  ""category"": ""DELIVERY"",
  ""needs_human"": false,
  ""response"": ""We're currently working on providing delivery to {{Delivery City}}. We'll update you as soon as we have more information. In the meantime, you can check our website for alternative delivery options or contact our customer service for further assistance.""
}","{""intent"":""delivery_options"",""category"":""DELIVERY"",""needs_human"":false,""response"":""We're thrilled to hear from you! I'm here to assist you in finding the most suitable delivery options for your package to {{Delivery City}}. To better assist you, could you please provide me with the {{Delivery City}} address? With this information, I'll be able to offer you the most accurate and efficient delivery options. Your satisfaction is our top priority, and we're committed to ensuring that your package reaches {{Delivery City}} safely and on time.""}",unnecessary_escalation,,,,,,,,
13185,ca245673ae8c3875d1f414e536d5f03e79e93bdfaa127b76145572d4f0bc610e,I want information aboujt shipping periods,delivery_period,DELIVERY,False,"{
  ""intent"": ""shipping_period"",
  ""category"": ""DELIVERY"",
  ""needs_human"": false,
  ""response"": ""The shipping period for your order is typically 3 to 5 business days. Please note that this can vary depending on the shipping method and the destination. For more details, you can check the shipping policy on our website.""
}","{""intent"":""delivery_period"",""category"":""DELIVERY"",""needs_human"":false,""response"":""We understand that you are interested in learning about our shipping periods. Our shipping periods vary depending on the location and the item you are interested in. To provide you with the most accurate information, could you please let us know the specific location and the item you are interested in? Once we have this information, we will be able to provide you with the shipping periods for that location and item. We appreciate your patience and look forward to assisting you further.""}",fabricated_fees_or_timelines,,,,,,,,
13421,aacbafebc3c777b3720175dd5f7fb446a1dc49457e20b337d6235d3b33004e34,help me to check how long it takes for my delivery to arrive,delivery_period,DELIVERY,False,"{
  ""intent"": ""TRACK"",
  ""category"": ""DELIVERY"",
  ""needs_human"": false,
  ""response"": ""We recommend checking your order status on the website for the most accurate delivery time. If you need further assistance, you can contact our customer service team.""
}","{""intent"":""delivery_period"",""category"":""DELIVERY"",""needs_human"":false,""response"":""We understand your curiosity about the estimated delivery time for your package. To provide you with the most accurate information, could you please provide us with the {{Tracking Number}} or {{Order Number}}? With this information, we can check the current status of your delivery and give you an estimated arrival date. Your patience is greatly appreciated as we work together to ensure a smooth delivery experience.""}",unnecessary_escalation,,,,,,,,
13877,0d72ad8f9d12af4fa9a7369d395fd21a6cc75554c65514e7c73153aa7a1330b3,I want assistance checking how soon can I expect my package,delivery_period,DELIVERY,False,"{
  ""intent"": ""TRACK"",
  ""category"": ""DELIVERY"",
  ""needs_human"": false,
  ""response"": ""You can expect your package to arrive within 2 to 5 days. For more precise information, you can check the carrier's website or contact the carrier directly.""
}","{""intent"":""delivery_period"",""category"":""DELIVERY"",""needs_human"":false,""response"":""We understand your eagerness to track your package and know that you're eager to receive it as soon as possible. To provide you with the most accurate information, could you please provide us with the {{Tracking Number}} or {{Order Number}}? With this information, we'll be able to give you an estimated delivery date and update you on the progress of your package. Your patience is greatly appreciated, and we're here to assist you every step of the way.""}",fabricated_fees_or_timelines,,,,,,,,
14209,8e84b3061fe4b25019ea93de16cbe822dfdc1b3848959e57c19df9d7ad7646d2,correct information on Freemiumaccount,edit_account,ACCOUNT,False,"{
  ""intent"": ""registration_problems"",
  ""category"": ""REGISTRATION"",
  ""needs_human"": false,
  ""response"": ""We're sorry to hear that you're experiencing issues with your account. To help resolve this, we recommend checking your email for any confirmation emails we sent to your account. If you don't see any emails, please check your spam folder. If you still can't find the email, you can try contacting our support team directly. We're here to assist you and help you get your account back on track.""
}","{""intent"":""edit_account"",""category"":""ACCOUNT"",""needs_human"":false,""response"":""I'm happy to help! I'm here to assist you in correcting the information on your {{Account Type}} account. To ensure accuracy, could you please provide me with the specific details that you would like to update? Once I have the correct information, I will guide you through the process step by step. Your satisfaction is our top priority, and we appreciate your cooperation in maintaining the accuracy of your account.""}",unnecessary_escalation,,,,,,,,
14428,3deea1ff1580c0852e17d276371469de593acb99a2ac4fadf34daaee52e30a52,updating freemium account,edit_account,ACCOUNT,False,"{
  ""intent"": ""registration_problems"",
  ""category"": ""REGISTRATION"",
  ""needs_human"": false,
  ""response"": ""We're sorry to hear that you're experiencing issues with your account. To help resolve this, we recommend checking your account settings and privacy preferences. If you need further assistance, please contact our support team.""
}","{""intent"":""edit_account"",""category"":""ACCOUNT"",""needs_human"":false,""response"":""I'm happy to help! I understand that you're looking to update your freemium account. To ensure a smooth process, could you please provide me with the specific details you would like to modify? This will allow me to assist you effectively and provide you with the best possible experience. Your feedback is highly valued, and I'm here to make sure your account meets your expectations.""}",unnecessary_escalation,,,,,,,,
14522,2a691dba5d6e7f66129054581b95c3b5d17c6c75723dfbbc048a7c1534b908f2,modifying details on freemium account,edit_account,ACCOUNT,False,"{
  ""intent"": ""set_up_shipping_address"",
  ""category"": ""DELIVERY"",
  ""needs_human"": false,
  ""response"": ""To update your shipping address on your Freemium account, please follow these steps:\n1. Log in to your account.\n2. Click on the 'My Account' or 'Profile' option.\n3. Select 'Edit Profile' or 'Edit Details'.\n4. Update your shipping address as needed.\n5. Click 'Save' to complete the changes.\nIf you encounter any issues, you can contact our support team for assistance.""
}","{""intent"":""edit_account"",""category"":""ACCOUNT"",""needs_human"":false,""response"":""I'm happy to help! I understand that you would like to modify the details on your freemium account. To ensure that your account is updated correctly, could you please provide me with the specific details you would like to modify? This will allow me to assist you effectively and provide you with the best possible experience. Thank you for your cooperation, and I look forward to helping you with your account modifications.""}",unnecessary_escalation,,,,,,,,
14743,82c66b5447b96ec90225c685816845b6203d7ab609bda2c2da41772ae6d07dc8,"I have got to edit my user, how could I do it?",edit_account,ACCOUNT,False,"{""intent"":""set_up_shipping_address"",""category"":""DELIVERY"",""needs_human"":false,""response"":""You can edit your user information by logging into your account and navigating to the 'Edit Profile' section. From there, you can update your shipping address, billing address, or any other details as needed. If you need further assistance, feel free to ask.""}","{""intent"":""edit_account"",""category"":""ACCOUNT"",""needs_human"":false,""response"":""I'm glad you contacted us to us to us to us to us to us to us to us to us to us to us to us to us to us to us to us to us to us to us to us to us to us to us to us to us to us to us to us to us to us to us to us to us to us to us to us to us to us to us to us to us to us to us to us to us to us to us to us to us to us to us to us to us to us to us to us to us to us to us to us to us to us to us to us to us to us to us to us to us to us to us to us to us to us to us to us to us to us to us to us to us to us to us to us to us to us to us to us to us to us to us to us to us to us to us to us to us to us to us to us to us to us to us to us to us to us to us to us to us to us to us to us to us to us to us to us to us to us to us to us to us to us to us to us to us to us to us to us to us to us to us to us to us to us to us to us to us to us to us to us to us to us to us to us to us to us to us to us to us to us to us to us to us to us to us to us to us to us to us to us to us to us to us to us to us to us to us to us to us to us to us to us to us to us to us to us to us to us to us to us to us to us to us to us to us to us to us to us to us to us to us to us to us to us to us to us to us to us to us to us to us to us to us to us to us to us to us to us to us to us to us to us to us to us to us to us to us to us to us to us to us to us to us to us to us to us to us to us to us to us to us to us to us to us to us to us to us to us to us to us to us to us to us to us to us to",,,,,,,,,
14879,1ef06253cac34b50912e9928a487122cff8d76acc3e8d04707767388c4571a3e,editing information on premium account,edit_account,ACCOUNT,False,"{
  ""intent"": ""set_up_shipping_address"",
  ""category"": ""DELIVERY"",
  ""needs_human"": false,
  ""response"": ""To edit information on your premium account, please visit the account settings section. You can find this under 'My Account' on our website. If you need further assistance, feel free to contact our support team.""
}","{""intent"":""edit_account"",""category"":""ACCOUNT"",""needs_human"":false,""response"":""I'm happy to help! I understand that you would like to edit the information on your premium account. To ensure that your account information is accurate and up-to-date, please provide me with the specific details you would like to modify. This will allow me to assist you effectively and ensure that your premium account meets your needs.""}",unnecessary_escalation,,,,,,,,
14927,4b675370ecf1a2ed7a057095905e10060deff1bdd4bd959b7d4203f2005dbee6,where can i get the invoice #12588,get_invoice,INVOICE,False,"{
  ""intent"": ""check_invoice"",
  ""category"": ""INVOICE"",
  ""needs_human"": false,
  ""response"": ""You can find the invoice #12588 on your account dashboard. Click on 'My Account' and then 'View Invoices'.""
}","{""intent"":""check_invoice"",""category"":""INVOICE"",""needs_human"":false,""response"":""I'm on it! I'm here to assist you in locating the invoice with the number #{{Invoice Number}}. To provide you with the most accurate information, could you please provide me with the date range or any other relevant details? This will help me narrow down the search and locate the invoice you're looking for. Thank you for your cooperation, and I appreciate your patience while I gather the necessary information.""}",,,,,,,,,
15451,7626fd809f0f0eff5a0adf1a7d205b48a49bd6f7c7a8ca0416f7735f83358170,how do I download the invoive from 6 last weeks?,get_invoice,INVOICE,False,"{
  ""intent"": ""check_invoice"",
  ""category"": ""INVOICE"",
  ""needs_human"": false,
  ""response"": ""To download invoices from the last 6 weeks, you can follow these steps:\n1. Log in to your account.\n2. Go to the invoice section.\n3. Select the 'Download Invoices' option.\n4. Choose the date range from the dropdown menu.\n5. Click 'Download'.\nThis will generate the invoices for the specified period. Make sure to save them in a secure location.""
}","{""intent"":""get_invoice"",""category"":""INVOICE"",""needs_human"":false,""response"":""I'm happy to help! I understand that you would like to download the invoive from the last six weeks. To assist you with this, could you please provide me with the specific details of the invoive you would like to download? This will help me locate the correct invoice and guide you through the download process more effectively. Thank you for your cooperation!""}",fabricated_fees_or_timelines,,,,,,,,
15525,0bf107e7d136c003a261fa3522aec28d7447e3678502701badd599d620c32beb,I need assistance downloading invoice #12588,get_invoice,INVOICE,False,"{
  ""intent"": ""check_invoice"",
  ""category"": ""INVOICE"",
  ""needs_human"": false,
  ""response"": ""To download your invoice, please follow these steps:\n1. Log in to your account.\n2. Click on the 'My Account' or 'My Profile' section.\n3. Look for an option to 'Download Invoices'.\n4. Select 'Download Invoice #12588'.\n\nIf you encounter any issues, feel free to contact our customer service for further assistance.""
}","{""intent"":""get_invoice"",""category"":""INVOICE"",""needs_human"":false,""response"":""I'm on it! I'm here to assist you with downloading the invoice with the number {{Invoice Number}}. To get started, could you please provide me with your email address or any other contact information? This will help me locate the invoice for you. Once I have the necessary details, I'll guide you through the process of downloading the invoice and ensure that you have access to it.""}",unnecessary_escalation,,,,,,,,
15607,7c078463f98cae4a08e475656803da471f47f54310832438050d8884423cb923,I don't know what I have to do to download bill #85632,get_invoice,INVOICE,False,"{
  ""intent"": ""check_invoice"",
  ""category"": ""INVOICE"",
  ""needs_human"": false,
  ""response"": ""To download the invoice for bill #85632, you need to log in to your account and navigate to the 'My Account' section. From there, select 'View Invoice' or 'Download Invoice' to get the details. If you're having trouble finding it, check the 'My Account' menu for more options.""
}","{""intent"":""check_invoice"",""category"":""INVOICE"",""needs_human"":false,""response"":""I'm on the same page that you are, feeling puzzled and unsure about the steps to download your bill with the number #{{Invoice Number}}. Don't worry, I'm here to guide you through the process. To download your bill, you can follow these simple steps: 1. Log in to your account on our website. 2. Navigate to the billing section or invoice tab. 3. Look for the specific bill with the number #{{Invoice Number}}. 4. Click on the download button or link associated with that bill. 5. Save the downloaded file to your device. If you encounter any difficulties or have further questions, please don't hesitate to let me know. I'm here to assist you every step of the way.""}",,,,,,,,,
15797,44e3b83d1fc8326f50575a9b7b26756e7ac6161c2691400f8b748a1334f0968a,I do not know what I need to do to egt the bill #85632,get_invoice,INVOICE,False,"{
  ""intent"": ""check_invoice"",
  ""category"": ""INVOICE"",
  ""needs_human"": false,
  ""response"": ""To get your invoice for #85632, you need to log into your account and navigate to the 'My Account' section. From there, select 'View Invoice' or 'Download Invoice' to see the details. If you're having trouble finding it, you can also contact customer service for assistance.""
}","{""intent"":""get_invoice"",""category"":""INVOICE"",""needs_human"":false,""response"":""I'm on the same page that you are, feeling uncertain about the steps to take in order to obtain the bill with the number #{{Invoice Number}}. Don't worry, I'm here to guide you through the process. To access your bill, you can log in to your account on our website and navigate to the \""Billing\"" or \""Invoices\"" section. From there, you should be able to find the specific bill with the number #{{Invoice Number}}. If you encounter any difficulties or have further questions, please don't hesitate to let me know. I'm here to assist you every step of the way.""}",unnecessary_escalation,,,,,,,,
15899,11866b2766381c4ee708763b98f008b3bb69f7ad113f212c33c1b997cc00ccae,i do not know what i have to do to get my money back,get_refund,REFUND,True,"{
  ""intent"": ""refund"",
  ""category"": ""REFUND"",
  ""needs_human"": false,
  ""response"": ""If you've purchased something online and are having trouble getting your money back, you can usually do so by contacting the seller directly. If they refuse to accept your return, you may need to contact the seller's customer service. In some cases, you may need to contact the seller's support team or a customer service representative. It's important to follow the seller's return policy carefully to ensure a smooth process. If you're having trouble with the seller's response, you may need to contact a customer service representative for assistance. Please note that the specific steps may vary depending on the seller's policies and the platform you used to purchase the item.""
}","{""intent"":""get_refund"",""category"":""REFUND"",""needs_human"":true,""response"":""I'm sorry to hear that you're unsure about the process of getting your money back. I understand that this can be frustrating and confusing, but I'm here to guide you through the steps. To initiate the refund process, you can reach out to our customer support team either through our website or by calling our helpline. They will be able to assist you with the necessary information and guide you through the process. Please provide them with the details of your purchase, and they will ensure that your money is refunded to you as quickly as possible.""}",,unsupported_action_completion,,,,,,,
15936,a7d4934c951abb4855514d33e5dc5c04259a0a3567d54c14666062e10d52bbad,can you help me obtaining refunds?,get_refund,REFUND,True,"{
  ""intent"": ""refund"",
  ""category"": ""REFUND"",
  ""needs_human"": false,
  ""response"": ""We're here to help! To proceed with a refund, please provide your order number. Once we have your order number, we can assist you in obtaining the refund. If you need further assistance, feel free to ask.""
}","{""intent"":""get_refund"",""category"":""REFUND"",""needs_human"":true,""response"":""I'm sorry to hear that you're seeking assistance in obtaining refunds. I'm here to help you navigate the process and ensure that you receive the support you need. To better assist you, could you please provide me with more details about the specific refund you are looking to obtain? This will allow me to provide you with the most accurate guidance and ensure that your refund is processed efficiently. Thank you for reaching out, and I'm committed to working with you to resolve this matter.""}",,unsupported_action_completion,,,,,,,
16930,fd17b708af52dc7ad8b3480aedc001b6eb4bbad42488c486731793c82fc93b38,I would like to cancel the subscription to the newsletter,newsletter_subscription,SUBSCRIPTION,False,"{
  ""intent"": ""registration_problems"",
  ""category"": ""SUBSCRIPTION"",
  ""needs_human"": false,
  ""response"": ""We're sorry to hear that you'd like to cancel your subscription to the newsletter. To proceed, please provide your email address so we can confirm your subscription and remove you from the list.""
}","{""intent"":""newsletter_subscription"",""category"":""SUBSCRIPTION"",""needs_human"":false,""response"":""I'm sorry to hear that you would like to cancel your subscription to our newsletter. I understand how important it is for you to stay informed and engaged with our content. To assist you with this request, could you please provide me with the email address you used to subscribe? Once I have that information, I will be able to cancel your subscription and ensure that you no longer receive any further newsletters. Thank you for your cooperation and understanding.""}",,,,,,,,,
17295,1e6c03585459314e41fb4acd6139960b23953641c8102feba037a49b17726516,i dont know what i need to do to subscribe to the newsletter,newsletter_subscription,SUBSCRIPTION,False,"{
  ""intent"": ""registration_problems"",
  ""category"": ""SUBSCRIPTION"",
  ""needs_human"": false,
  ""response"": ""To subscribe to our newsletter, please visit our website and enter your email address in the designated field. After submitting, you will receive an email confirmation with instructions on how to access the newsletter.""
}","{""intent"":""newsletter_subscription"",""category"":""SUBSCRIPTION"",""needs_human"":false,""response"":""I'm happy to help! I'm here to guide you through the process of subscribing to our newsletter. To subscribe, you can visit our website and navigate to the \""Newsletter\"" section. From there, you'll find a form where you can enter your email address and subscribe to our newsletter. If you have any trouble or need further assistance, please don't hesitate to let me know. I'm here to ensure you have a seamless experience and stay informed about our latest updates and promotions.""}",,,,,,,,,
17309,baa76a9fe1df90d7f77673b0be883f4e6aac4c5f5fc03f268fa6e629540b7990,i dont know how i can unsubscribe from ur company newsletter,newsletter_subscription,SUBSCRIPTION,False,"{
  ""intent"": ""complaint"",
  ""category"": ""FEEDBACK"",
  ""needs_human"": false,
  ""response"": ""We're sorry to hear that you're experiencing issues with our newsletter. To unsubscribe, please visit our website and click on the 'Unsubscribe' option. If you have any other feedback or concerns, feel free to contact our customer service team.""
}","{""intent"":""newsletter_subscription"",""category"":""SUBSCRIPTION"",""needs_human"":false,""response"":""I'm sorry to hear that you're unsure about how to unsubscribe from our company newsletter. I'm here to assist you with this process. To unsubscribe, you can simply visit our website and navigate to the newsletter section. There, you will find an option to unsubscribe from our newsletter. If you have any further questions or need additional assistance, please feel free to let me know. I'm here to help you every step of the way.""}",unnecessary_escalation,,,,,,,,
17522,36f3c88f9a422f5a227a675db24f8a195d745d3a981e5197fb4e7377000c39b7,I want to know more about cancel my newsletter subscription,newsletter_subscription,SUBSCRIPTION,False,"{
  ""intent"": ""contact"",
  ""category"": ""CONTACT"",
  ""needs_human"": false,
  ""response"": ""To cancel your newsletter subscription, please visit our website and navigate to the 'My Account' section. From there, select 'Manage Subscriptions' and choose to unsubscribe. If you have any questions or need further assistance, feel free to contact our support team.""
}","{""intent"":""newsletter_subscription"",""category"":""SUBSCRIPTION"",""needs_human"":false,""response"":""I'm happy to help! I understand that you would like to know more about canceling your newsletter subscription. To do so, you can log in to your account and navigate to the \""Newsletter\"" section. From there, you should be able to find the option to unsubscribe or cancel your subscription. If you have any further questions or need assistance with the process, please don't hesitate to let me know. I'm here to help you every step of the way!""}",unnecessary_escalation,,,,,,,,
17646,bf50b58567a3f1639fea5d258f4e2ad812dcfb86f83442773a5baca34d0e3bc1,how do i cancel the subscription to ur company newsletter,newsletter_subscription,SUBSCRIPTION,False,"{
  ""intent"": ""complaint"",
  ""category"": ""FEEDBACK"",
  ""needs_human"": false,
  ""response"": ""We're sorry to hear that you're experiencing issues with your subscription. To proceed, please follow these steps:\n\n1. Log into your account.\n2. Navigate to the 'Settings' or 'Preferences' section.\n3. Locate the 'Newsletter' or 'Subscription' option.\n4. Click on 'Unsubscribe' or 'Remove Subscription'.\n5. Confirm your action by clicking 'Save' or 'Apply'.\n\nIf you encounter any difficulties, please contact our support team for assistance.""
}","{""intent"":""newsletter_subscription"",""category"":""SUBSCRIPTION"",""needs_human"":false,""response"":""I'm sorry to hear that you're looking to cancel your subscription to our company newsletter. I understand that you may have changed your mind or need to adjust your preferences. To cancel your subscription, you can easily do so by visiting our website and navigating to the \""Newsletter\"" section. From there, you will find an option to unsubscribe or cancel your subscription. If you have any further questions or need assistance with the cancellation process, please don't hesitate to let me know. I'm here to help you every step of the way.""}",unnecessary_escalation,,,,,,,,
17875,966bd866f8a4e32fb5fc9d88601ccae53ed131722e26da3da26ed99c7c4d5e89,I need help signing up to your company newsletter,newsletter_subscription,SUBSCRIPTION,False,"{
  ""intent"": ""registration_problems"",
  ""category"": ""REGISTRATION"",
  ""needs_human"": false,
  ""response"": ""We're glad you're interested in our newsletter! To sign up, please provide your email address. Once we receive it, we'll send you our latest updates right in your inbox. If you have any issues or need further assistance, feel free to reach out to our support team.""
}","{""intent"":""newsletter_subscription"",""category"":""SUBSCRIPTION"",""needs_human"":false,""response"":""I'm happy to help! I'm here to guide you through the process of signing up for our company newsletter. To get started, could you please provide me with your email address? Once I have that, I'll be able to assist you with the subscription process and ensure that you receive all the latest updates and promotions from our company.""}",unnecessary_escalation,,,,,,,,
17950,c0c0bfe85d79db9817a261c7cebda9450e4a32e8de32baeb4a7e339922a2989f,i  need assistance reporting troubles with online payments,payment_issue,PAYMENT,True,"{
  ""intent"": ""PAYMENT_ISSUE"",
  ""category"": ""PAYMENT"",
  ""needs_human"": false,
  ""response"": ""We're here to help. Please provide more details about the issue so we can assist you better.""
}","{""intent"":""payment_issue"",""category"":""PAYMENT"",""needs_human"":true,""response"":""I'm sorry to hear that you're experiencing troubles with online payments. I'm here to assist you in reporting these issues and finding a solution. To better understand the specific troubles you're facing, could you please provide more details about the problem? This will help me provide you with the most appropriate guidance and support. Thank you for reaching out to us, and I'm committed to resolving this for you.""}",,,,,,,,,
18037,ffe23f6122db674accbe887b07969886250e6919345d8803365d1f51290e609d,help regarding payment,payment_issue,PAYMENT,True,"{
  ""intent"": ""PAYMENT"",
  ""category"": ""PAYMENT"",
  ""needs_human"": false,
  ""response"": ""I'm here to help. If you need assistance with your payment, please provide more details so I can assist you effectively. What specifically do you need help with?""
}","{""intent"":""payment_issue"",""category"":""PAYMENT"",""needs_human"":true,""response"":""I'm sorry to hear that you're experiencing difficulties with your payment. I understand how frustrating it can be when payment issues arise. To better assist you, could you please provide more details about the specific problem you're facing? This will help me identify the best course of action and provide you with the most appropriate guidance. Your feedback is valuable to us, and we're here to support you every step of the way.""}",,,,,,,,,
18352,74abf08578df7f1411f60ca0266b17112da974bbf3bff5f0fb69839ad6c8057d,can ya help me solving issues with online payment,payment_issue,PAYMENT,True,"{
  ""intent"": ""PAYMENT"",
  ""category"": ""PAYMENT"",
  ""needs_human"": false,
  ""response"": ""I'm here to help. If you have any issues with your online payment, please provide more details so I can assist you better. What specifically is the problem? Are you receiving an error message, or is the payment not being processed as expected?""
}","{""intent"":""payment_issue"",""category"":""PAYMENT"",""needs_human"":true,""response"":""I'm sorry to hear that you're experiencing issues with online payment. I'm here to assist you in resolving the problem. To better understand the specific issue you're facing, could you please provide more details about the problem you encountered? This will help me provide you with the most appropriate solution. Thank you for reaching out to us, and I'm committed to helping you overcome this challenge.""}",unsupported_action_completion,,,,,,,,
18497,19e31f6f079f9d5b80f9a360631a2e75be05fbb1dceac0d1645c6bb07126a056,"I can't make payments, assistance informing of problems",payment_issue,PAYMENT,True,"{
  ""intent"": ""payment_issue"",
  ""category"": ""PAYMENT"",
  ""needs_human"": false,
  ""response"": ""We're sorry to hear that you're having trouble making payments. If you need help resolving this issue, please contact our customer service team for assistance. We're here to help.""
}","{""intent"":""payment_issue"",""category"":""PAYMENT"",""needs_human"":true,""response"":""I'm sorry to hear that you're experiencing difficulties with making payments. I understand how frustrating it can be when you encounter problems. To better assist you, could you please provide more details about the specific issues you're facing? This will help me identify the root cause and provide you with the most appropriate solution. Your feedback is valuable to us, and we're here to support you every step of the way.""}",,,,,,,,,
18906,7d6f4cedc3d443d4199f0dfb429aba5a237855308f3a1b2699d7ce327779d2e2,where do I earn some products?,place_order,ORDER,False,"{
  ""intent"": ""check_payment_methods"",
  ""category"": ""PAYMENT"",
  ""needs_human"": false,
  ""response"": ""We offer various payment methods to help you earn products. You can use credit/debit cards, PayPal, or other supported payment methods. For more details, please visit our payment page.""
}","{""intent"":""place_order"",""category"":""ORDER"",""needs_human"":false,""response"":""We're thrilled to hear that you're interested in earning products! To get started, you can explore our website and browse our wide range of products. You can also check out our social media channels or contact our customer support team for more information on how to earn products. We're here to assist you every step of the way and ensure that you have a seamless experience in earning products.""}",,unnecessary_escalation,,,,,,,
19126,8511c817b8d609f98e265b6feeacc1bf5cafd897fe04170cbe325db802a2a0eb,how do I earn several of your article?,place_order,ORDER,False,"{
  ""intent"": ""registration_problems"",
  ""category"": ""INFORMATION"",
  ""needs_human"": false,
  ""response"": ""We're sorry, but we don't have any articles available for you to earn. Please check back later or visit our website for more information.""
}","{""intent"":""get_refund"",""category"":""REFUND"",""needs_human"":true,""response"":""I'm sorry to hear that you're looking to earn several of our articles. I understand that you may be seeking additional ways to access our content. To assist you in this process, could you please provide me with the specific articles you would like to earn? Once I have this information, I will be able to guide you on the best way to obtain them. Rest assured, I'm here to help you every step of the way.""}",,unnecessary_escalation,,,,,,,
19948,74cef85027509e155deda754a7a1775b65eff810b5cb579c64c3386a1cbab59b,"I can't remember the PIN of my user, help restoring it",recover_password,ACCOUNT,False,"{""intent"":""payment_issue"",""category"":""PAYMENT"",""needs_human"":false,""response"":""I'm sorry to hear that you're having trouble remembering your PIN. If you've forgotten it, you can usually reset it by calling our customer service number. Please provide your account details so we can assist you further.""}","{""intent"":""recover_password"",""category"":""ACCOUNT"",""needs_human"":false,""response"":""I'm sorry to hear that you're having trouble remembering the PIN for your user account. Don't worry, I'm here to assist you in restoring it. To regain access to your account, please follow these steps: 1. Visit our website and navigate to the \""{{Login Page URL}}\"". 2. Look for the \""{{Forgot PIN}}\"" option and click on it. 3. You will be prompted to enter the email address associated with your user account. Please provide the correct email address. 4. Once you've entered the email address, click on the \""{{Submit}}\"" button. 5. You will receive an email with instructions on how to reset your PIN. Follow the instructions in the email to restore your PIN. If you encounter any difficulties or have further questions, please don't hesitate to reach out to our dedicated support team. We're here to help you every step of the way.""}",unnecessary_escalation,unnecessary_escalation,,,,,,,
19972,1a97e9b3b9daa8d2d3e3009e6eb77ed2355565d1363f8d957083bcf604dc07a4,help me recovering my user profile access key,recover_password,ACCOUNT,False,"{
  ""intent"": ""recover_password"",
  ""category"": ""PASSWORD"",
  ""needs_human"": false,
  ""response"": ""We recommend you reset your password by clicking on the 'Forgot Password' link on our website. If you are still having trouble, please contact our support team for further assistance.""
}","{""intent"":""recover_password"",""category"":""ACCOUNT"",""needs_human"":false,""response"":""I'm sorry to hear that you're experiencing difficulties in recovering your user profile access key. I understand how frustrating it can be to lose access to your account. To assist you further, could you please provide me with the email address associated with your user profile? With that information, I will be able to guide you through the necessary steps to recover your access key. Rest assured, I'm here to help you every step of the way.""}",unnecessary_escalation,,,,,,,,
20029,f5ae4e578ec611a3c5c5d737a62e5d0517bd1d76f60d88a87bbcc70b8e275673,"I lost the access key of my account, help me reset it",recover_password,ACCOUNT,False,"{
  ""intent"": ""reset_password"",
  ""category"": ""PASSWORD"",
  ""needs_human"": false,
  ""response"": ""We recommend you reset your password by following these steps: 1. Go to the login page. 2. Click on the 'Forgot your password?' option. 3. Enter your email address associated with your account. 4. Click on the 'Reset password' button. 5. Follow the instructions to create a new password. If you still have trouble, you can contact customer support for further assistance.""
}","{""intent"":""recover_password"",""category"":""ACCOUNT"",""needs_human"":false,""response"":""I'm sorry to hear that you're experiencing difficulties in accessing your account. I understand how frustrating it can be to lose your access key. Don't worry, I'm here to assist you in resetting your access key. To reset your access key, please follow these steps: 1. Visit our website and navigate to the \""{{Login Page URL}}\"". 2. Look for the \""{{Forgot Access Key}}\"" option and click on it. 3. You will be prompted to enter your email address associated with your account. Please provide the correct email address. 4. Once you've entered your email address, you will receive an email with instructions on how to reset your access key. 5. Follow the instructions in the email to reset your access key. If you encounter any difficulties or have further questions, please don't hesitate to reach out to our customer support team. We're here to help you every step of the way.""}",,unnecessary_escalation,,,,,,,
20103,991611b6f8af284c8d9b7e84b60f1840a171c6d2765fe2b1e3a98021a4fc490e,can uhelp me retrieving my user password,recover_password,ACCOUNT,False,"{""intent"":""payment_issue"",""category"":""PAYMENT"",""needs_human"":false,""response"":""We're sorry to hear that you're having trouble with your password. To help you, we need to reset your password. Please follow these steps: 1. Go to your account settings. 2. Find the option to reset your password. 3. Follow the instructions provided. If you're still having trouble, please contact our support team for further assistance.""}","{""intent"":""recover_password"",""category"":""ACCOUNT"",""needs_human"":false,""response"":""I'm on it! I'm here to assist you in retrieving your user password. To get started, could you please provide me with the email address associated with your account? With that information, I'll be able to guide you through the process of resetting your password.""}",unnecessary_escalation,,,,,,,,
20126,c4ac8d3a446ce123461538692368a502154690c073bce67219e0c96f794caee9,"I have lost my password, oculd you help me to recover it?",recover_password,ACCOUNT,False,"{""intent"":""password_recovery"",""category"":""PAYMENT"",""needs_human"":false,""response"":""I'm sorry to hear that you've lost your password. We recommend trying to reset it by following the steps in your account settings. If you're still having trouble, you can contact our support team for assistance.""}","{""intent"":""recover_password"",""category"":""ACCOUNT"",""needs_human"":false,""response"":""I'm sorry to hear that you've lost your password. Don't worry, I'm here to assist you in recovering it. To regain access to your account, please follow these steps: 1. Visit our website and navigate to the \""{{Login Page URL}}\"". 2. Look for the \""{{Forgot Password}}\"" option and click on it. 3. You will be prompted to enter the email address associated with your account. Please provide the correct email address. 4. Once you've entered the email address, click on the \""{{Submit}}\"" button. 5. You will receive an email with instructions on how to reset your password. Follow the instructions in the email to set a new password. If you encounter any difficulties or have further questions, please don't hesitate to reach out to our customer support team. We're here to help you every step of the way.""}",unnecessary_escalation,unnecessary_escalation,,,,,,,
20147,35fc72cc99a2dc9ec39adc6f72022a4bdc583cb8333a8c573f537772f08110b6,"I have got to restore the PIN of my user, how to do it?",recover_password,ACCOUNT,False,"{""intent"":""set_up_shipping_address"",""category"":""ORDER"",""needs_human"":false,""response"":""We don't provide a way to restore the PIN for your user account. Please contact customer service for assistance.""}","{""intent"":""recover_password"",""category"":""ACCOUNT"",""needs_human"":false,""response"":""I'm on it! I'm here to assist you in restoring the PIN of your user account. To do so, please follow these steps: 1. Log in to your user account on our platform. 2. Navigate to the \""{{Settings}}\"" or \""{{Profile}}\"" section. 3. Look for the \""{{Forgot PIN}}\"" or \""{{Reset PIN}}\"" option. 4. Click on the \""{{Forgot PIN}}\"" or \""{{Reset PIN}}\"" option. 5. You will be prompted to provide some additional information, such as your email address or username. Please provide the necessary information to proceed with the PIN reset process. 6. Follow the on-screen instructions to restore your PIN. If you encounter any difficulties or have further questions, please don't hesitate to reach out to our dedicated support team. They are available {{Customer Support Hours}} at {{Customer Support Phone Number}} or through the Live Chat on our website at {{Website URL}}. We're here to help you every step of the way!""}",unnecessary_escalation,unnecessary_escalation,,,,,,,
20280,a0bac3de175513a15bc1668f077e2d3db3c3d1a4992d2d25435bac89445e1679,find information about the lost access key,recover_password,ACCOUNT,False,"{
  ""intent"": ""CONTACT"",
  ""category"": ""ACCOUNT"",
  ""needs_human"": false,
  ""response"": ""To find information about a lost access key, please contact our customer service team. They can help you reset your password or unlock your account. You can reach them by calling our support hotline, sending an email to support@ourwebsite.com, or visiting our website's contact page.""
}","{""intent"":""recover_password"",""category"":""ACCOUNT"",""needs_human"":false,""response"":""I'm sorry to hear that you're experiencing difficulties with your lost access key. I understand how frustrating it can be to lose access to your account. To assist you in finding the information you need, could you please provide me with the email address associated with your account? With that information, I will be able to guide you through the process of retrieving your lost access key.""}",fabricated_contact_details;unnecessary_escalation,,,,,,,,
20341,18a11e35451b1071270385a723bd57a3780e47042a22ce770b7073c3abe2bfea,where do I restore the password of my account?,recover_password,ACCOUNT,False,"{""intent"":""set_up_shipping_address"",""category"":""ORDER"",""needs_human"":false,""response"":""To restore your account password, you can reset it through your account settings. Navigate to your account dashboard and look for a 'Forgot Password' or 'Reset Password' option. Follow the instructions provided there to proceed.""}","{""intent"":""recover_password"",""category"":""ACCOUNT"",""needs_human"":false,""response"":""I'm on it! I'm here to guide you on how to restore the password of your account. To do so, you can follow these steps: 1. Log in to your account on our website or mobile app. 2. Navigate to the \""{{Settings}}\"" or \""{{Profile}}\"" section. 3. Look for the option labeled \""{{Forgot Password}}\"" or \""{{Reset Password}}\"". 4. Click on the \""{{Forgot Password}}\"" or \""{{Reset Password}}\"" option. 5. You will be prompted to provide some additional information, such as your email address or username. 6. Enter the correct email address or username associated with your account. 7. Follow the on-screen instructions to reset your password. If you encounter any difficulties or have further questions, please don't hesitate to reach out to our customer support team. They are available {{Customer Support Hours}} at {{Customer Support Phone Number}} or through the Live Chat on our website at {{Website URL}}. We're here to assist you every step of the way!""}",,unnecessary_escalation,,,,,,,
20914,b017f1c9b6f18f835d5da58032350366d4219c837d8e3a74e9a6849781cbd9b2,I am having sign-up errors,registration_problems,ACCOUNT,False,"{
  ""intent"": ""registration_problems"",
  ""category"": ""REGISTRATION"",
  ""needs_human"": false,
  ""response"": ""We're sorry to hear that you're experiencing registration issues. To help resolve this, we recommend checking your email for any confirmation emails we sent. If you didn't receive one, please try signing up again. If you still have trouble, feel free to contact our support team for further assistance.""
}","{""intent"":""registration_problems"",""category"":""ACCOUNT"",""needs_human"":false,""response"":""I'm sorry to hear that you're experiencing sign-up errors. It can be frustrating when you're unable to create an account. To better assist you, could you please provide more details about the specific errors you're encountering? This will help us identify the issue and provide you with the most appropriate solution. Thank you for reaching out, and I'm here to help you resolve this matter.""}",unnecessary_escalation,,,,,,,,
21196,11b8cbfcfdc97c4c121d531ef7d79227f1d7ebd2ee06f2efe0fc60d4d9cfb3f6,I am  having an error trying to register,registration_problems,ACCOUNT,False,"{
  ""intent"": ""registration_problems"",
  ""category"": ""REGISTRATION"",
  ""needs_human"": false,
  ""response"": ""We're experiencing an issue with your registration. Please try again later or contact our support team for assistance.""
}","{""intent"":""registration_problems"",""category"":""ACCOUNT"",""needs_human"":false,""response"":""I'm sorry to hear that you're experiencing difficulties while trying to register. I understand how frustrating it can be when you encounter errors. To better assist you, could you please provide more details about the specific error message you're receiving? This will help me narrow down the issue and provide you with the most accurate solution. Thank you for reaching out, and I'm here to help you resolve this registration problem.""}",unnecessary_escalation,,,,,,,,
21733,b77bf2ed5a23d8a0d239f81028ecd88fc5f503efd219cf8cee608bf8c9c3f3a3,would it be possible to report issues with sign-up,registration_problems,ACCOUNT,False,"{
  ""intent"": ""complaint"",
  ""category"": ""CONTACT"",
  ""needs_human"": false,
  ""response"": ""We're here to help! If you have any issues with the sign-up process, please feel free to contact our support team. We'll do our best to assist you.""
}","{""intent"":""registration_problems"",""category"":""ACCOUNT"",""needs_human"":false,""response"":""We appreciate your interest in reporting issues with the sign-up process. Your feedback is crucial in helping us improve our services and ensure a seamless experience for all users. To report any issues you encountered during the sign-up process, you can reach out to our customer support team either through our website's live chat feature or by calling our dedicated helpline at {{Customer Support Phone Number}}. Our team will promptly address your concerns and work towards resolving the reported issues. Your input is valuable in shaping our platform and making it more user-friendly for everyone.""}",unnecessary_escalation,unnecessary_escalation,,,,,,,
21767,d860d066d927409fe71e9bf660f2921ac41d480ab4e0414b2be110e6a975b7df,how can I inform of a problem with a sign-up?,registration_problems,ACCOUNT,False,"{
  ""intent"": ""registration_problems"",
  ""category"": ""REGISTRATION"",
  ""needs_human"": false,
  ""response"": ""We're sorry to hear that you're experiencing issues with your sign-up. To help resolve the problem, please provide the following information: your email address, the date of your sign-up, and a brief description of the problem. We'll review your account and take the necessary steps to address the issue. Thank you for your patience and understanding.""
}","{""intent"":""registration_problems"",""category"":""ACCOUNT"",""needs_human"":false,""response"":""We appreciate your proactive approach in informing us about the problem you encountered during the sign-up process. Your feedback is crucial in helping us identify and address any issues promptly. To inform us about the problem, you can reach out to our customer support team either through our website's live chat feature or by calling our dedicated helpline. Our team will be more than happy to assist you further and work towards resolving the issue. Your cooperation is greatly appreciated.""}",,unnecessary_escalation,,,,,,,
21896,2be7e5e2820c15b4af74e8d0077ea3ec62b3563619b37348a12bdf15bc35aab0,i do not know what to doi to leave a review for ur company,review,FEEDBACK,False,"{
  ""intent"": ""review"",
  ""category"": ""FEEDBACK"",
  ""needs_human"": false,
  ""response"": ""To leave a review, you can visit our website and follow the prompts. If you need help, you can also contact our customer support team for assistance.""
}","{""intent"":""review"",""category"":""FEEDBACK"",""needs_human"":false,""response"":""We appreciate your interest in leaving a review for our company! Your feedback is invaluable to us as it helps us improve our services and provide you with the best possible experience. To leave a review, you can visit our website and navigate to the \""Reviews\"" or \""Feedback\"" section. There, you will find a form where you can provide your review and share your thoughts with us. We value your opinion and look forward to hearing from you!""}",unnecessary_escalation,,,,,,,,
21941,74e7230118b630ef3c0a7d06d311ec71880900636a6d88ce53149941976f6ec7,uhave a way to send an opinion about a product,review,FEEDBACK,False,"{
  ""intent"": ""complaint"",
  ""category"": ""FEEDBACK"",
  ""needs_human"": false,
  ""response"": ""We'd love to hear your opinion! Please provide a brief description of the product and what you liked or didn't like. This will help us improve our offerings. Thank you for your feedback.""
}","{""intent"":""review"",""category"":""FEEDBACK"",""needs_human"":false,""response"":""We appreciate your interest in sharing your opinion about our product. Your feedback is valuable to us as it helps us improve our offerings and provide you with a better experience. To send your opinion, you can reach out to our customer support team either through our website or by calling our helpline. They will guide you through the process and ensure that your feedback reaches the right person. We look forward to hearing from you!""}",,unnecessary_escalation,,,,,,,
22528,900ce30723ab263fab9b04f4287043f07c81aebe2bd3b3dfdf907e4817742c54,what do I need to do to write an opinion for your products?,review,FEEDBACK,False,"{
  ""intent"": ""write_opinion"",
  ""category"": ""FEEDBACK"",
  ""needs_human"": false,
  ""response"": ""To write an opinion for our products, you can follow these steps:\n\n1. Choose a product: Select a product from our range that interests you.\n2. Research: Gather information about the product, its features, benefits, and any relevant reviews or feedback.\n3. Write: Start writing your opinion. Include details about the product's features, its benefits, and your personal experience. Feel free to share your thoughts and opinions on the product's design, functionality, and overall value.\n4. Edit: Review your opinion and make sure it's clear, concise, and well-structured. Use active voice and avoid jargon.\n5. Finalize: Once you're satisfied with your opinion, proofread it and make any necessary adjustments.\n6. Share: Share your opinion with others or publish it on social media or our website.\n\nRemember, your opinion can help others make informed decisions and provide valuable feedback to us. Good luck with your opinion writing!""
}","{""intent"":""review"",""category"":""FEEDBACK"",""needs_human"":false,""response"":""We're thrilled to hear that you're interested in writing an opinion for our products! Your feedback is invaluable to us as it helps us improve our offerings and ensure that we meet your expectations. To get started, you can follow these steps: 1. Visit our website and navigate to the product page of the item you would like to write an opinion for. 2. Look for the \""Write a Review\"" or \""Leave Feedback\"" button on the product page. 3. Click on the button to open the review form. 4. Fill in the required fields with your opinion, including the product name, your name, and a brief description of your experience. 5. Optionally, you can provide additional details or images to support your opinion. 6. Once you've completed the review, click on the \""Submit\"" or \""Post\"" button to submit your opinion. 7. You can also share your opinion on social media platforms or forums to reach a wider audience. Remember, your opinion is crucial in shaping our products and ensuring that we provide the best possible experience for our customers. If you have any further questions or need additional assistance, feel free to ask. We're here to help!""}",,unsupported_action_completion,,,,,,,
22873,b9dd5883dbd4401c189a59084bb4b54decc0abb347f8df669acb165c69e1f35e,where could I send feedback for your services?,review,FEEDBACK,False,"{
  ""intent"": ""FEEDBACK"",
  ""category"": ""FEEDBACK"",
  ""needs_human"": false,
  ""response"": ""You can send feedback to our customer service team at <customer_service_email> or <customer_service_phone>. We value your feedback and strive to improve our services.""
}","{""intent"":""review"",""category"":""FEEDBACK"",""needs_human"":false,""response"":""We appreciate your interest in providing feedback for our services! Your input is invaluable to us as it helps us improve and enhance our offerings. To send feedback, you can reach out to our customer support team either through our website's live chat feature or by calling our dedicated helpline. They will guide you through the process and ensure that your feedback reaches the right people. Your feedback is highly valued, and we look forward to hearing from you!""}",unnecessary_escalation,unnecessary_escalation,,,,,,,
22918,06b2d45a3aa33b78f49ea6edfb3da34650060479557fd533a8c8b885dc2c42bb,I have to submit my shipping address,set_up_shipping_address,SHIPPING,False,"{
  ""intent"": ""set_up_shipping_address"",
  ""category"": ""SHIPPING"",
  ""needs_human"": false,
  ""response"": ""Please provide your new shipping address details.""
}","{""intent"":""change_shipping_address"",""category"":""SHIPPING"",""needs_human"":false,""response"":""We understand that you need to submit your shipping address. We are here to assist you with this process. To update your shipping address, please follow these steps: 1. Log in to your account on our website. 2. Navigate to the \""My Account\"" or \""Profile\"" section. 3. Look for the \""Shipping Addresses\"" or \""Address Book\"" option. 4. Click on it to view or edit your current shipping addresses. 5. Locate the address you want to update and click on the \""Edit\"" or \""Change\"" button. 6. Fill in the required fields with the correct information. 7. Double-check the accuracy of the updated address. 8. Save the changes by clicking on the \""Save\"" or \""Update\"" button. If you encounter any difficulties or have further questions, please don't hesitate to reach out to our customer support team. We are here to provide you with the necessary assistance and ensure a smooth shipping address update process.""}",,unnecessary_escalation,,,,,,,
23040,40d97c607e8fd92477131e5111a80cd13beddc7c719ca246d920f06aab624809,there are problems setting up the new delivery address,set_up_shipping_address,SHIPPING,False,"{
  ""intent"": ""SET_UP_SHIPPING_ADDRESS"",
  ""category"": ""DELIVERY"",
  ""needs_human"": false,
  ""response"": ""We're sorry to hear that you're having trouble setting up your new shipping address. Please try again or contact our customer service for further assistance.""
}","{""intent"":""set_up_shipping_address"",""category"":""SHIPPING"",""needs_human"":false,""response"":""I'm sorry to hear that you're experiencing difficulties setting up your new delivery address. I understand how frustrating it can be to encounter problems during the setup process. To better assist you, could you please provide more details about the specific issues you're facing? This will help me identify the root cause and provide you with the most appropriate solution. Thank you for reaching out to us, and I'm here to help you resolve this matter.""}",unnecessary_escalation,,,,,,,,
23218,65aec2278b482fa160cdec6d2a90fe8edeca5003abe9941f73bfbec6810e9552,I need to enter another shipping address,set_up_shipping_address,SHIPPING,False,"{
  ""intent"": ""change_shipping_address"",
  ""category"": ""DELIVERY"",
  ""needs_human"": false,
  ""response"": ""To update your shipping address, please follow these steps:\n1. Log in to your account.\n2. Go to the 'My Account' section.\n3. Click on 'Edit Account'.\n4. Scroll down to 'Shipping Address' and enter your new address details.\n5. Save your changes.\n\nIf you need further assistance, feel free to ask.""
}","{""intent"":""change_shipping_address"",""category"":""SHIPPING"",""needs_human"":false,""response"":""I'm glad you contacted us to let us know that you need to enter another shipping address. We understand that sometimes shipping addresses can change, and we're here to assist you with the process. To update your shipping address, please follow these steps: 1. Log in to your account on our website. 2. Navigate to the \""My Account\"" or \""Profile\"" section. 3. Look for the \""Shipping Addresses\"" or \""Addresses\"" option. 4. Click on it to view or edit your current shipping addresses. 5. Locate the address you want to update and click on the \""Edit\"" or \""Change\"" button. 6. Fill in the updated address details in the provided fields. 7. Save the changes by clicking on the \""Save\"" or \""Update\"" button. If you encounter any difficulties or have further questions, please don't hesitate to reach out to our customer support team. We're here to ensure a smooth and seamless experience for you.""}",,unnecessary_escalation,,,,,,,
23694,b68c03132c042307c1a4d2dd68cdd6ef4eb9b7871a68ccfdd268f44e81324743,I need to enter a shipping address,set_up_shipping_address,SHIPPING,False,"{
  ""intent"": ""set_up_shipping_address"",
  ""category"": ""SHIPPING"",
  ""needs_human"": false,
  ""response"": ""To set up your shipping address, please enter the details below. This information is necessary for your order to be delivered to you.""
}","{""intent"":""change_shipping_address"",""category"":""SHIPPING"",""needs_human"":false,""response"":""I'm glad you contacted us to let us know that you need to enter a shipping address. We understand that it can be frustrating to have to update your address, but we're here to help you with that. To enter your shipping address, please follow these steps: 1. Log in to your account on our website. 2. Navigate to the \""My Account\"" or \""Profile\"" section. 3. Look for the \""Shipping Addresses\"" or \""Addresses\"" option. 4. Click on it to view or edit your existing shipping addresses. 5. If you don't see your current address, click on the \""Add Address\"" button. 6. Fill in the required fields with the correct information, such as your name, street address, city, state, and ZIP code. 7. Double-check the information to ensure accuracy. 8. Save the changes. If you encounter any difficulties or have further questions, please don't hesitate to reach out to our customer support team. We're here to assist you every step of the way.""}",,unnecessary_escalation,,,,,,,
23726,b307fcf9b9caed17ec9535e3716333903ad25f9b03eb78ab4da3b42e45b9d3b7,why I cannot set up a new delivery address valid,set_up_shipping_address,SHIPPING,False,"{
  ""intent"": ""set_up_shipping_address"",
  ""category"": ""SHIPPING"",
  ""needs_human"": false,
  ""response"": ""We're sorry to hear that you're having trouble setting up your new shipping address. Please try again or contact our customer service for further assistance.""
}","{""intent"":""set_up_shipping_address"",""category"":""SHIPPING"",""needs_human"":false,""response"":""I'm sorry to hear that you're experiencing difficulties in setting up a new delivery address. Let me assist you in resolving this issue. Could you please provide me with more details about the specific error message or error message you received? This will help me better understand the problem and provide you with the most appropriate solution. Thank you for your cooperation, and I'm here to help you set up your new delivery address successfully.""}",unnecessary_escalation,,,,,,,,
23966,b9d549a6f56bcaa58309fce153c175160da4f0018b0c7be43b492c3eb4ac4c16,where to change to the {{Account Type}} account?,switch_account,ACCOUNT,False,"{
  ""intent"": ""set_up_shipping_address"",
  ""category"": ""DELIVERY"",
  ""needs_human"": false,
  ""response"": ""To change your account type, please visit the account settings section of our website. From there, you can select the desired account type. If you need further assistance, feel free to contact our customer service.""
}","{""intent"":""switch_account"",""category"":""ACCOUNT"",""needs_human"":false,""response"":""Thank you for reaching out! I'm here to guide you on how to switch to the {{Account Type}} account. To change to the {{Account Type}} account, you can follow these steps: 1. Log in to your account on our website. 2. Navigate to the '{{Settings}}' or '{{Profile}}' section. 3. Look for the '{{Account Type}}' option and click on it. 4. Follow the on-screen instructions to complete the account type change. If you encounter any difficulties or have further questions, please don't hesitate to let me know. I'm here to assist you every step of the way!""}",unnecessary_escalation,,,,,,,,
24235,26bfb2934a01e477c370222b75c7586805c0295e2a44d156ebe9449b44285e84,I want assistance using the {{Account Category}} account,switch_account,ACCOUNT,False,"{
  ""intent"": ""registration_problems"",
  ""category"": ""ACCOUNT"",
  ""needs_human"": false,
  ""response"": ""We're here to help! If you have any issues with your account, please feel free to contact us directly. You can do so by clicking the 'Contact Us' button on our website or by calling our customer service hotline.""
}","{""intent"":""edit_account"",""category"":""ACCOUNT"",""needs_human"":false,""response"":""I'm happy to help! I'm here to assist you in using the {{Account Category}} account. To get started, could you please provide me with the specific features or settings you would like to access? This will help me guide you through the process and ensure you have a seamless experience. Your satisfaction is our top priority, and I'm committed to making your account experience as smooth as possible.""}",unnecessary_escalation,,,,,,,,
24440,1a02380a49d71e19330b72555e22f6ec85a37bf1d6ae15819f1825791ebcf5e6,using another user,switch_account,ACCOUNT,False,"{
  ""intent"": ""contact_customer_service"",
  ""category"": ""CONTACT"",
  ""needs_human"": false,
  ""response"": ""Hello! If you need to contact us, please provide your contact information or a brief message. We'll be happy to assist you.""
}","{""intent"":""switch_account"",""category"":""ACCOUNT"",""needs_human"":false,""response"":""I'm happy to help! I'm here to assist you in using another user account. To switch to another user, please follow these steps: 1. Log in to your account. 2. Navigate to the \""Account Settings\"" or \""Profile\"" section. 3. Look for an option labeled \""Switch to Another User\"" or \""Change User.\"" 4. Select the user account you would like to switch to. 5. Confirm the switch by following any additional prompts or instructions. If you encounter any difficulties or have further questions, please don't hesitate to let me know. I'm here to ensure a smooth transition and provide any necessary guidance.""}",,,,,,,,,
24512,b9d549a6f56bcaa58309fce153c175160da4f0018b0c7be43b492c3eb4ac4c16,where to change to the {{Account Category}} account?,switch_account,ACCOUNT,False,"{
  ""intent"": ""set_up_shipping_address"",
  ""category"": ""DELIVERY"",
  ""needs_human"": false,
  ""response"": ""To change your account category, please visit the account settings section of our website. From there, you can select the desired category. If you need further assistance, feel free to contact our customer service.""
}","{""intent"":""switch_account"",""category"":""ACCOUNT"",""needs_human"":false,""response"":""Thank you for reaching out! I'm here to guide you on how to switch to our {{Account Category}} account. To change to our {{Account Category}} account, you can follow these steps: 1. Log in to your account on our website. 2. Navigate to the '{{Settings}}' or '{{Profile}}' section. 3. Look for the '{{Account Type}}' or '{{Upgrade}}' option. 4. Select the '{{Account Category}}' account type from the available options. 5. Follow the on-screen instructions to complete the account switch. If you encounter any difficulties or have further questions, please don't hesitate to let me know. I'm here to assist you every step of the way!""}",unnecessary_escalation,,,,,,,,
24596,fdf14486a5c8f17803ced1b9da79b5da5d2347e216fa9734bc1f125707486663,I don't know what I have to do to change to the gold account,switch_account,ACCOUNT,False,"{
  ""intent"": ""registration_problems"",
  ""category"": ""REGISTRATION"",
  ""needs_human"": false,
  ""response"": ""To change to the Gold account, you need to follow these steps:\n1. Log in to your account.\n2. Click on the 'Settings' or 'Account' option.\n3. Select 'Upgrade to Gold'.\n4. Follow the prompts to complete the upgrade process.\nIf you encounter any issues, you can contact our support team for assistance.""
}","{""intent"":""switch_account"",""category"":""ACCOUNT"",""needs_human"":false,""response"":""I'm on it! I'm here to guide you through the process of switching to our {{Account Category}} account. To change to the {{Account Category}} account, you can follow these steps: 1. Log in to your account on our website or mobile app. 2. Navigate to the '{{Settings}}' or '{{Profile}}' section. 3. Look for the '{{Upgrade Account}}' or '{{Upgrade}}' option. 4. Select the '{{Upgrade Account}}' or '{{Upgrade}}' option. 5. Follow the on-screen instructions to complete the account upgrade process. If you encounter any difficulties or have further questions, please don't hesitate to reach out to our dedicated customer support team. They are available {{Customer Support Hours}} at {{Customer Support Phone Number}} or through the Live Chat on our website at {{Website URL}}. We're here to assist you every step of the way!""}",unnecessary_escalation,unnecessary_escalation,,,,,,,
24674,f2b156218668cb8c67e325350afbb1968895722717c07b2d1c9dd2c13fa38266,help me to use the premium account,switch_account,ACCOUNT,False,"{
  ""intent"": ""registration_problems"",
  ""category"": ""REGISTRATION"",
  ""needs_human"": false,
  ""response"": ""Hello! If you're having trouble using the premium account, you can try checking your account settings or contacting our support team for assistance. We're here to help. Please provide more details so we can better assist you.""
}","{""intent"":""switch_account"",""category"":""ACCOUNT"",""needs_human"":false,""response"":""I'm happy to help! I'm here to guide you through the process of using our {{Account Category}} account. To switch to the {{Account Category}} account, you can follow these steps: 1. Log in to your account on our website. 2. Navigate to the '{{Settings}}' or '{{Profile}}' section. 3. Look for the '{{Account Type}}' or '{{Upgrade Account}}' option. 4. Click on the '{{Upgrade Account}}' option. 5. Follow the on-screen instructions to complete the switch. If you encounter any difficulties or have further questions, please don't hesitate to let me know. I'm here to assist you every step of the way!""}",unnecessary_escalation,,,,,,,,
24747,276a6cae78884c6e292df32257f67698fa3f06b1eab14de42feb5e3ee363d064,I want to use the {{Account Category}} profile,switch_account,ACCOUNT,False,"{
  ""intent"": ""registration_problems"",
  ""category"": ""ACCOUNT"",
  ""needs_human"": false,
  ""response"": ""We're here to help! If you have any issues with your account, please feel free to contact our support team. We'll do our best to assist you.""
}","{""intent"":""switch_account"",""category"":""ACCOUNT"",""needs_human"":false,""response"":""I'm happy to help! I'm here to guide you through the process of using the {{Account Category}} profile. To switch to this profile, you can follow these steps: 1. Log in to your account on our website. 2. Navigate to the '{{Settings}}' or '{{Profile}}' section. 3. Look for the '{{Account Category}}' option and click on it. 4. Select the '{{Account Category}}' profile from the available options. 5. Follow any additional prompts or instructions provided to complete the switch. If you encounter any difficulties or have further questions, please don't hesitate to let me know. I'm here to assist you every step of the way!""}",unnecessary_escalation,,,,,,,,
25015,43d774ad900a3817edcf71642e4402fb98684d9aec1e12c1077ada9bc467f1b8,checking order {{Order Number}} stagus,track_order,ORDER,False,"{
  ""intent"": ""INVOICE"",
  ""category"": ""INVOICE"",
  ""needs_human"": false,
  ""response"": ""We are currently processing your order. You can check the status of your order by logging into your account and navigating to the 'My Orders' section. If you need further assistance, please contact our customer service team.""
}","{""intent"":""track_order"",""category"":""ORDER"",""needs_human"":false,""response"":""I'm on the same page that you are, and I understand that you would like to check the status of your order with the order number {{Order Number}}. To provide you with the most accurate information, could you please provide me with the {{Order Number}}? Once I have the order number, I will be able to assist you further in checking the status of your order. Your patience is greatly appreciated, and I apologize for any inconvenience caused.""}",unnecessary_escalation,,,,,,,,
25159,bf8799dc845b64dc159f0a64bbb25b261bb7c10b3247a0483fe251c9e22a2532,I want help to see the ETA of order {{Order Number}},track_order,ORDER,False,"{
  ""intent"": ""check_shipping"",
  ""category"": ""DELIVERY"",
  ""needs_human"": false,
  ""response"": ""We're currently unable to provide the ETA for your order. Please check your email for updates or contact our customer service for more information.""
}","{""intent"":""track_order"",""category"":""ORDER"",""needs_human"":false,""response"":""I'm on the same page that you need help to check the estimated time of arrival (ETA) for your order with the order number {{Order Number}}. To view the ETA, you can visit the '{{Order Tracking}}' section on our website. There, you will find all the details about your order, including the estimated delivery date. If you have any further questions or need assistance with anything else, feel free to let me know. I'm here to help you every step of the way!""}",unnecessary_escalation,,,,,,,,
25196,c5ce277e8b4b840d415297369fa36aee9d6f1e1ff09983d92dc14db5cffdcd95,seeing purchase {{Order Number}} current status,track_order,ORDER,False,"{
  ""intent"": ""check_invoice"",
  ""category"": ""INVOICE"",
  ""needs_human"": false,
  ""response"": ""To check the current status of your purchase, you can visit the 'My Account' section of our website. From there, you'll find your order details under the 'Orders' tab. If you need further assistance, feel free to contact our customer service.""
}","{""intent"":""track_order"",""category"":""ORDER"",""needs_human"":false,""response"":""I'm on the same page that you are, and I'm here to assist you in checking the current status of your purchase with the purchase number {{Order Number}}. To view the status of your purchase, please visit the '{{Online Order Interaction}}' section on our website. There, you will find all the details regarding your purchase, including the estimated delivery date and any updates or notifications related to your purchase. If you have any further questions or need additional assistance, feel free to let me know. I'm here to help you every step of the way!""}",unnecessary_escalation,,,,,,,,
25815,c5ce277e8b4b840d415297369fa36aee9d6f1e1ff09983d92dc14db5cffdcd95,seeing purchase {{Order Number}} current status,track_order,ORDER,False,"{
  ""intent"": ""check_invoice"",
  ""category"": ""INVOICE"",
  ""needs_human"": false,
  ""response"": ""To check the current status of your purchase, you can visit the 'My Account' section of our website. From there, you'll find your order details under the 'Orders' tab. If you need further assistance, feel free to contact our customer service.""
}","{""intent"":""track_order"",""category"":""ORDER"",""needs_human"":false,""response"":""I'm on the same page that you are, and I'm here to assist you in checking the current status of your purchase with the purchase number {{Order Number}}. To view the status of your purchase, please visit the '{{Online Order Interaction}}' section on our website. There, you will find all the details regarding your purchase, including the estimated delivery date and any updates or notifications related to your purchase. If you have any further questions or need additional assistance, feel free to let me know. I'm here to help you every step of the way!""}",unnecessary_escalation,,,,,,,,
25833,a16f840997c4de0bd7830d444df36489ed3d565b683ad98266b18fb4f0357e5e,I want assistance checking purchase {{Order Number}} status,track_order,ORDER,False,"{
  ""intent"": ""check_invoice"",
  ""category"": ""INVOICE"",
  ""needs_human"": false,
  ""response"": ""To check the status of your purchase, please visit our website and navigate to the 'My Account' section. From there, you can view your order history and details. If you need further assistance, feel free to contact our customer service team.""
}","{""intent"":""track_order"",""category"":""ORDER"",""needs_human"":false,""response"":""I'm on the same page that you are, and I understand that you would like assistance in checking the status of your purchase with the purchase number {{Order Number}}. I apologize for any inconvenience caused. To check the status of your purchase, please visit our website and navigate to the '{{Online Order Interaction}}' section. There, you will find all the details regarding your purchase, including the current status. If you have any further questions or need additional assistance, please feel free to let me know. I'm here to help you every step of the way.""}",unnecessary_escalation,,,,,,,,
25940,cfd9a1cfac4eb2669f416336a9af2656b93e098849cafcf258e367388c8fd92d,is it possible to see if there are any updates on my refund,track_refund,REFUND,False,"{""intent"":""check_refund_policy"",""category"":""REFUND"",""needs_human"":false,""response"":""Yes, you can check the status of your refund. We'll notify you when there are updates. Please keep your account details handy.""}","{""intent"":""track_refund"",""category"":""REFUND"",""needs_human"":false,""response"":""I'm on the same page that you're looking to check if there are any updates on your refund. I understand how important it is to stay informed and ensure that your refund is processed correctly. To provide you with the most accurate information, could you please provide me with the {{Refund Number}} or {{Order Number}}? With this information, I'll be able to assist you further and track the status of your refund. Thank you for your cooperation, and I appreciate your patience as we work together to resolve this matter.""}",,unsupported_action_completion,,,,,,,
26025,96232e0762768e97d5eada35075025630fe12413bdf3234e25e54e6c75b48ac0,can uhelp me check the compensation current status,track_refund,REFUND,False,"{
  ""intent"": ""check_cancellation_fee"",
  ""category"": ""ORDER"",
  ""needs_human"": false,
  ""response"": ""I'm sorry, but I don't have the ability to check cancellation fees. You can usually find this information on your account dashboard. If you need help with something else, feel free to ask.""
}","{""intent"":""track_refund"",""category"":""REFUND"",""needs_human"":false,""response"":""I'm on it! I'm here to assist you in checking the current status of your compensation. To provide you with the most accurate information, could you please provide me with the {{Refund Number}} or {{Order Number}}? With this information, I'll be able to track the progress of your compensation and give you an update on its current status. Thank you for your cooperation, and I appreciate your patience while I gather the necessary details.""}",,,,,,,,,
26055,dfda1e5893a95cae262f4838db7be8e8ee00d0f72c858c345146ed76f87fe7e9,where to know if there is anything new on the rebate,track_refund,REFUND,False,"{
  ""intent"": ""check_refund_policy"",
  ""category"": ""REFUND"",
  ""needs_human"": false,
  ""response"": ""You can check for new rebates on our website by visiting the 'Rewards and Incentives' section. This will provide you with the latest information on available rebates and promotions. If you need further assistance, feel free to ask.""
}","{""intent"":""track_refund"",""category"":""REFUND"",""needs_human"":false,""response"":""I'm on it! I'm here to provide you with the information you need to stay updated on any new developments regarding your rebate. To check for any updates, you can visit our website and navigate to the \""Rebates\"" section. There, you will find a dedicated page where you can track the status of your rebate and receive notifications about any new information or updates. If you have any specific questions or need further assistance, please feel free to let me know. I'm here to help you every step of the way!""}",,,,,,,,,
26125,6a72a565e9486c808396d97de471fc35af8879edaaf86e1bb680f6aab432fef1,need to check if there are any updates on my reimbursement,track_refund,REFUND,False,"{
  ""intent"": ""check_refund_policy"",
  ""category"": ""REFUND"",
  ""needs_human"": false,
  ""response"": ""To check if there are any updates on your reimbursement, please visit our website and look for the 'My Account' section. If you need further assistance, feel free to contact our customer service.""
}","{""intent"":""track_refund"",""category"":""REFUND"",""needs_human"":false,""response"":""I'm on it! I'm here to assist you in checking for any updates on your reimbursement. To provide you with the most accurate information, could you please provide me with the {{Reimbursement Number}} or {{Refund Reference}}? With this information, I'll be able to track the status of your reimbursement and give you an update. Thank you for your cooperation, and I appreciate your patience as we work together to resolve this matter.""}",unnecessary_escalation,,,,,,,,
26229,a59b851573817fa7905c09b77387a59b9c5e05afcd98a7a415cd5798dd3d89c0,can uhelp me see if there are any news on my refund,track_refund,REFUND,False,"{
  ""intent"": ""check_refund_policy"",
  ""category"": ""REFUND"",
  ""needs_human"": false,
  ""response"": ""I can help you check the status of your refund. Please provide your order number so I can look up the details.""
}","{""intent"":""track_refund"",""category"":""REFUND"",""needs_human"":false,""response"":""I'm on the same page that you are, and I understand your eagerness to stay updated on the progress of your refund. To provide you with the most accurate information, could you please provide me with the {{Refund Number}} or {{Order Number}}? With this information, I will be able to assist you in checking the status of your refund and provide you with any updates. Your patience is greatly appreciated, and I assure you that I will do my best to assist you.""}",,unsupported_guarantee,,,,,,,
26400,9d4deb3d6078db4a954c9b8fdf59c3cc50586b9139eee24fcf0088e94179ed1d,I want help to check the current status of the reimbursement,track_refund,REFUND,False,"{
  ""intent"": ""check_refund_policy"",
  ""category"": ""REFUND"",
  ""needs_human"": false,
  ""response"": ""To check the current status of your refund, you can log into your account and look for the 'My Account' section. From there, navigate to the 'Refunds' or 'History' tab to see the details of your pending refund. If you need further assistance, feel free to contact our customer service.""
}","{""intent"":""track_refund"",""category"":""REFUND"",""needs_human"":false,""response"":""I'm on it! I'm here to assist you in checking the current status of your reimbursement. To provide you with the most accurate information, could you please provide me with the {{Reimbursement Number}} or {{Refund Reference}}? With this information, I'll be able to track the progress of your reimbursement and give you an update on its status. Thank you for your cooperation, and I'm here to help you every step of the way.""}",unnecessary_escalation,,,,,,,,
